subject,condition,n_planets,policy_MI,reward_rate,mean_rt1
0.0,2-planets,2,-9.99966510812577e-13,0.10921501706484642,0.6972525597269625
0.0,3-planets,3,0.02614334359356362,0.03333333333333333,0.5796266666666667
0.0,4-planets,4,0.010404810143598266,0.15384615384615385,0.7855618729096989
0.0,5-planets,5,0.03878555334926284,0.34782608695652173,0.8854347826086957
1.0,2-planets,2,-9.999987900154658e-13,0.0821917808219178,0.684236301369863
1.0,3-planets,3,0.018322002350912574,0.07023411371237458,0.6115785953177258
1.0,4-planets,4,0.030464223572082283,0.2702702702702703,0.8908175675675676
1.0,5-planets,5,0.07267116407629795,0.28378378378378377,0.8815033783783784
2.0,2-planets,2,-9.999554456918749e-13,0.07534246575342465,0.5729623287671233
2.0,3-planets,3,0.26348076988186064,0.1598639455782313,0.7659455782312925
2.0,4-planets,4,0.2942738943695942,0.29491525423728815,0.8943864406779661
2.0,5-planets,5,0.0342699768047206,0.5117056856187291,1.0580936454849499
3.0,2-planets,2,-9.999448315083312e-13,0.026755852842809364,0.635742474916388
3.0,3-planets,3,0.07296254480478294,0.17328519855595667,0.7458916967509025
3.0,4-planets,4,0.04618115630480871,0.08,0.6771933333333333
3.0,5-planets,5,0.0770155838498656,0.08666666666666667,0.7029166666666666
4.0,2-planets,2,-9.999778782803793e-13,0.06462585034013606,0.6523299319727892
4.0,3-planets,3,0.01667094268879476,0.0436241610738255,0.5923926174496644
4.0,4-planets,4,0.013898514816598775,0.023333333333333334,0.6138
4.0,5-planets,5,0.032612409566804196,0.013422818791946308,0.6144228187919464
5.0,2-planets,2,-9.999711722354843e-13,0.026845637583892617,0.513755033557047
5.0,3-planets,3,0.10879476801905422,0.06688963210702341,0.6414515050167223
5.0,4-planets,4,0.035664341409069836,0.25333333333333335,0.83238
5.0,5-planets,5,0.050221800564136866,0.08053691275167785,0.7209295302013423
6.0,2-planets,2,-9.999576924075283e-13,0.10101010101010101,0.7012154882154883
6.0,3-planets,3,0.0019172918357064188,0.06711409395973154,0.6288154362416107
6.0,4-planets,4,0.029203021165641375,0.08361204013377926,0.6985451505016722
6.0,5-planets,5,0.04536045744645954,0.29152542372881357,0.8564033898305085
7.0,3-planets,3,0.009967039762824086,0.10333333333333333,0.7403933333333333
7.0,4-planets,4,0.01809529194242048,0.03767123287671233,0.5948356164383561
7.0,5-planets,5,0.02888340403210525,0.2558922558922559,0.8383400673400673
8.0,2-planets,2,-9.999852797672181e-13,0.006666666666666667,0.5111066666666666
8.0,3-planets,3,0.2325193060468959,0.03666666666666667,0.6569666666666666
8.0,4-planets,4,0.006361952889064946,0.18120805369127516,0.7302214765100671
8.0,5-planets,5,0.12769120165840664,0.040268456375838924,0.6656409395973154
9.0,2-planets,2,-9.999737801417337e-13,0.10738255033557047,0.7118456375838926
9.0,3-planets,3,0.0012871453444604137,0.0033333333333333335,0.46241666666666675
9.0,4-planets,4,0.02796897487128722,0.06333333333333334,0.6569099999999999
10.0,3-planets,3,0.0037824393063400734,0.06920415224913495,0.7543321799307959
10.0,4-planets,4,0.024963928458189375,0.05067567567567568,0.6176216216216216
10.0,5-planets,5,0.04779825762379541,0.2833333333333333,0.8639033333333334
11.0,2-planets,2,-9.999600553029024e-13,0.030100334448160536,0.5641638795986622
11.0,3-planets,3,0.10707690820908251,0.013377926421404682,0.607180602006689
11.0,4-planets,4,0.009444041686726825,0.013377926421404682,0.5277056856187292
12.0,2-planets,2,-9.999718770748433e-13,0.0888030888030888,0.6498378378378378
12.0,3-planets,3,0.07612818668888599,0.3482758620689655,0.953351724137931
12.0,4-planets,4,0.030615418752247884,0.4033898305084746,0.9486237288135592
12.0,5-planets,5,0.028685863486543863,0.037037037037037035,0.6255151515151516
13.0,2-planets,2,-9.99993738609437e-13,0.034013605442176874,0.5309795918367347
13.0,3-planets,3,0.0016197975233158309,0.05714285714285714,0.4756714285714285
13.0,4-planets,4,0.011778528802832266,0.16387959866220736,0.7506153846153847
13.0,5-planets,5,0.37371403117049734,0.12542372881355932,0.7242881355932204
14.0,2-planets,2,-1.0000106633898414e-12,0.03355704697986577,0.563265100671141
14.0,3-planets,3,0.03470730572557369,0.07333333333333333,0.7020366666666668
14.0,4-planets,4,0.041551520387372434,0.1541095890410959,0.7419760273972602
14.0,5-planets,5,0.03748796009166428,0.05,0.71924
15.0,2-planets,2,-1.0000068406225596e-12,0.05016722408026756,0.658361204013378
15.0,3-planets,3,0.0021812049847243983,0.04861111111111111,0.5646527777777778
15.0,4-planets,4,0.01865230569632209,0.05405405405405406,0.6325067567567568
15.0,5-planets,5,0.01434360357529185,0.04745762711864407,0.5927762711864407
16.0,3-planets,3,0.0055237965264325044,0.04666666666666667,0.5584533333333334
16.0,4-planets,4,0.02247208262711749,0.016835016835016835,0.6196498316498317
16.0,5-planets,5,0.05097027066467309,0.4563758389261745,0.9766912751677852
17.0,2-planets,2,-9.99961430534347e-13,0.003367003367003367,0.43444444444444447
17.0,3-planets,3,0.05624977867201756,0.3400673400673401,0.9234983164983165
17.0,4-planets,4,0.14199696861840982,0.013333333333333334,0.5921233333333333
17.0,5-planets,5,0.015902891792121697,0.08361204013377926,0.7087725752508361
18.0,2-planets,2,-9.999703767735092e-13,0.033783783783783786,0.49716216216216225
18.0,3-planets,3,0.2358907248873469,0.023411371237458192,0.6650133779264213
18.0,4-planets,4,0.06908564860100513,0.1414141414141414,0.7099730639730639
18.0,5-planets,5,0.07488794255953388,0.7525083612040134,1.1730167224080266
19.0,2-planets,2,-1.0000468921465399e-12,0.016891891891891893,0.4964391891891893
19.0,3-planets,3,0.022143466395910767,0.33557046979865773,0.9072885906040267
19.0,4-planets,4,0.00202135421448669,0.07094594594594594,0.6502533783783784
19.0,5-planets,5,0.21623185168229805,0.3879598662207358,0.9446856187290971
20.0,2-planets,2,-9.999852797672181e-13,0.0,0.42969333333333337
20.0,3-planets,3,0.15351212974748535,0.033444816053511704,0.6044615384615385
20.0,4-planets,4,0.04522376125679875,0.29292929292929293,0.850983164983165
20.0,5-planets,5,0.03028193981279869,0.13804713804713806,0.8052255892255893
21.0,2-planets,2,-9.999433713488803e-13,0.06418918918918919,0.6340945945945946
21.0,3-planets,3,0.05659792168998401,0.13,0.7026933333333333
21.0,4-planets,4,0.08865423407050439,0.23411371237458195,0.8299632107023412
21.0,5-planets,5,0.025241990037941697,0.11333333333333333,0.76283
22.0,2-planets,2,-1.0000066618402788e-12,0.08754208754208755,0.7268047138047138
22.0,4-planets,4,0.0695825541600124,0.26936026936026936,0.8493838383838384
22.0,5-planets,5,0.016408502376523016,0.07142857142857142,0.7579081632653061
23.0,2-planets,2,-1.0000107737774044e-12,0.026936026936026935,0.5592087542087542
23.0,4-planets,4,0.005347141626381708,0.057432432432432436,0.6808108108108107
23.0,5-planets,5,0.18482284900124274,0.18088737201365188,0.7568805460750854
24.0,2-planets,2,-1.0000044729764056e-12,0.07984790874524715,0.5899277566539924
24.0,3-planets,3,0.02166812646974355,0.2483221476510067,0.847714765100671
24.0,4-planets,4,0.006210806107612814,0.5238095238095238,1.0682244897959183
24.0,5-planets,5,0.028679648743760902,0.020066889632107024,0.5786555183946488
25.0,2-planets,2,-9.99998741531848e-13,0.0738255033557047,0.6717114093959732
25.0,3-planets,3,0.0033199368011301864,0.1684981684981685,0.6624285714285715
25.0,5-planets,5,0.03151287889710486,0.06397306397306397,0.5853838383838383
26.0,2-planets,2,-9.999667760501393e-13,0.023333333333333334,0.59137
26.0,3-planets,3,0.07216288727616182,0.04666666666666667,0.6824233333333334
26.0,4-planets,4,0.023180988505508635,0.046822742474916385,0.6698662207357859
26.0,5-planets,5,0.040729466957569314,0.057432432432432436,0.6415033783783783
27.0,2-planets,2,-9.999983004430388e-13,0.06688963210702341,0.6577491638795987
27.0,3-planets,3,0.1039056181661622,0.08,0.7527566666666665
27.0,4-planets,4,0.07357675117690739,0.03355704697986577,0.5926140939597315
27.0,5-planets,5,0.03429222774527984,0.18,0.7965
28.0,2-planets,2,-9.999912009566771e-13,0.02,0.5117866666666667
28.0,3-planets,3,0.0008455518783622631,0.01,0.41484333333333334
28.0,4-planets,4,0.03199131454121707,0.0033333333333333335,0.36417
28.0,5-planets,5,0.038875678396000535,0.28762541806020064,0.8700535117056857
29.0,2-planets,2,-1.000013631225287e-12,0.10847457627118644,0.667613559322034
29.0,3-planets,3,0.000851714447723668,0.0,0.43709000000000003
29.0,4-planets,4,0.029223367996638435,0.16095890410958905,0.7886609589041096
29.0,5-planets,5,0.062189861625387435,0.3401360544217687,0.9498707482993195
30.0,2-planets,2,-1.0000019331126939e-12,0.02,0.52079
30.0,3-planets,3,0.0019304022170275794,0.44404332129963897,1.0104440433212998
30.0,4-planets,4,0.026232649558782815,0.20666666666666667,0.7971833333333332
30.0,5-planets,5,0.008270939993081882,0.05387205387205387,0.5325050505050505
31.0,2-planets,2,-9.999400044515505e-13,0.013377926421404682,0.5506220735785954
31.0,3-planets,3,0.0019865735145792613,0.11228070175438597,0.6253824561403508
31.0,4-planets,4,0.08542463688078705,0.23745819397993312,0.7986421404682275
31.0,5-planets,5,0.11937496328808828,0.2976588628762542,0.8738060200668897
32.0,2-planets,2,-1.0000213053715772e-12,0.19727891156462585,0.7427414965986394
32.0,4-planets,4,0.11793205114129729,0.0707070707070707,0.6509090909090909
32.0,5-planets,5,0.011230588319342535,0.03367003367003367,0.5376936026936028
33.0,3-planets,3,0.0005976440173214833,0.03436426116838488,0.545659793814433
33.0,4-planets,4,0.12278134824382564,0.2222222222222222,0.7866161616161617
33.0,5-planets,5,0.039120978673401016,0.0,0.47619
34.0,2-planets,2,-9.999971221461402e-13,0.006666666666666667,0.5108999999999999
34.0,3-planets,3,0.018847100614216475,0.18855218855218855,0.7802020202020201
34.0,4-planets,4,0.11816407859534214,0.043478260869565216,0.6382541806020067
34.0,5-planets,5,0.04533211400025081,0.07,0.6798566666666667
35.0,2-planets,2,-1.0000148857145992e-12,0.0695970695970696,0.6605054945054945
35.0,3-planets,3,0.3016885072899248,0.04013377926421405,0.638933110367893
35.0,4-planets,4,0.03241344387660865,0.11036789297658862,0.8000334448160537
35.0,5-planets,5,0.08829622534886278,0.06020066889632107,0.714638795986622
36.0,2-planets,2,-1.0000107737774044e-12,0.06397306397306397,0.663892255892256
36.0,3-planets,3,0.02369001973599137,0.1111111111111111,0.6933905723905724
36.0,4-planets,4,0.02567992434054669,0.06040268456375839,0.6054261744966444
36.0,5-planets,5,0.030465355958399033,0.1476510067114094,0.7910436241610738
37.0,2-planets,2,-9.999576242118354e-13,0.05067567567567568,0.5812297297297297
37.0,3-planets,3,0.01432548195612469,0.125,0.7616145833333333
37.0,4-planets,4,0.07995715833539394,0.23411371237458195,0.8411672240802676
37.0,5-planets,5,0.04428892325394705,0.15878378378378377,0.7606114864864866
38.0,2-planets,2,-9.999667760501393e-13,0.03333333333333333,0.5775233333333334
38.0,3-planets,3,0.02923249052505225,0.12333333333333334,0.7050733333333333
38.0,4-planets,4,0.16880585314071836,0.12203389830508475,0.7141389830508474
38.0,5-planets,5,0.10653848001636211,0.10702341137123746,0.7218160535117056
39.0,3-planets,3,0.005366475660690817,0.18518518518518517,0.8140033670033671
39.0,4-planets,4,0.009009256267692087,0.017006802721088437,0.49558503401360543
39.0,5-planets,5,0.041005378518274335,0.07333333333333333,0.6701333333333334
40.0,2-planets,2,-9.999674815430406e-13,0.0033444816053511705,0.43543143812709034
40.0,3-planets,3,0.1145131833350417,0.42474916387959866,0.960046822742475
40.0,4-planets,4,0.021013608500864638,0.14715719063545152,0.7949632107023412
40.0,5-planets,5,0.03571500083725759,0.30405405405405406,0.8695641891891891
41.0,2-planets,2,-9.99935406661768e-13,0.003355704697986577,0.44878859060402687
41.0,3-planets,3,0.0010169717223989273,0.16722408026755853,0.7586722408026756
41.0,4-planets,4,0.05001853219483197,0.14864864864864866,0.6924189189189189
41.0,5-planets,5,0.14575689940235595,0.2727272727272727,0.8509825174825175
42.0,2-planets,2,-9.99992830779046e-13,0.06734006734006734,0.66
42.0,3-planets,3,0.002934591261437332,0.02666666666666667,0.53413
42.0,5-planets,5,0.012620974601929107,0.1773049645390071,0.6656170212765957
43.0,2-planets,2,-9.999645556042053e-13,0.12666666666666668,0.68072
43.0,3-planets,3,0.042518227034558834,0.13468013468013468,0.6785690235690235
43.0,4-planets,4,0.00944114208504123,0.016778523489932886,0.4935402684563758
43.0,5-planets,5,0.10792721470963665,0.31313131313131315,0.8992154882154882
44.0,2-planets,2,-9.99976021720351e-13,0.0033444816053511705,0.402628762541806
44.0,3-planets,3,0.0706758663051615,0.16891891891891891,0.7729155405405406
44.0,4-planets,4,0.008571364263839181,0.13494809688581316,0.6749134948096885
44.0,5-planets,5,0.04501706457927285,0.08108108108108109,0.6784493243243244
45.0,2-planets,2,-9.99967785343835e-13,0.06643356643356643,0.5820279720279721
45.0,3-planets,3,0.013319926501900545,0.03367003367003367,0.5128585858585859
45.0,4-planets,4,0.0018981925435105395,0.24528301886792453,0.8081622641509434
45.0,5-planets,5,0.01685490281365957,0.19243986254295534,0.6800103092783505
46.0,2-planets,2,-9.999868497797747e-13,0.04040404040404041,0.5861649831649831
46.0,3-planets,3,0.02146223960669605,0.05821917808219178,0.6817979452054794
46.0,4-planets,4,0.0032451902028715705,0.02040816326530612,0.4392448979591837
46.0,5-planets,5,0.11104930903667798,0.02348993288590604,0.5612953020134228
47.0,2-planets,2,-9.999983004430388e-13,0.026755852842809364,0.5483177257525084
47.0,3-planets,3,0.0012539933201708101,0.37037037037037035,0.945925925925926
47.0,5-planets,5,0.05644364043648081,0.14715719063545152,0.790418060200669
48.0,3-planets,3,0.06719517079732129,0.1750841750841751,0.8062087542087542
48.0,4-planets,4,0.2926749195510354,0.003355704697986577,0.5141577181208052
48.0,5-planets,5,0.010896026570465024,0.367003367003367,0.9056835016835016
49.0,2-planets,2,-9.99937745218347e-13,0.030405405405405407,0.5068952702702703
49.0,3-planets,3,0.15434533602142572,0.11824324324324324,0.7186621621621622
49.0,4-planets,4,0.04263931097857929,0.07666666666666666,0.62001
49.0,5-planets,5,0.038875834120812025,0.1,0.7675233333333333
50.0,2-planets,2,-9.999921311435591e-13,0.02364864864864865,0.5376858108108108
50.0,3-planets,3,0.06643754821036442,0.08191126279863481,0.6807372013651878
50.0,4-planets,4,0.01402892781469982,0.08163265306122448,0.5638333333333333
51.0,2-planets,2,-9.99982133490578e-13,0.1916376306620209,0.7726062717770035
51.0,3-planets,3,0.18196170468240425,0.27946127946127947,0.9043872053872054
51.0,4-planets,4,0.0031390478685141675,0.06756756756756757,0.6120743243243243
51.0,5-planets,5,0.028485555201300125,0.09731543624161074,0.7213523489932887
52.0,2-planets,2,-9.999524590331596e-13,0.0707070707070707,0.6781851851851851
52.0,3-planets,3,0.02928914729114536,0.10437710437710437,0.6781414141414142
52.0,5-planets,5,0.03550136748423064,0.01,0.46609333333333325
53.0,3-planets,3,0.007845726932911586,0.41216216216216217,0.9355337837837838
53.0,4-planets,4,0.01174202264977822,0.17472118959107807,0.8176914498141264
53.0,5-planets,5,0.026352545576062057,0.06666666666666667,0.5547614035087718
54.0,2-planets,2,-9.99944088884058e-13,0.023411371237458192,0.5023177257525083
54.0,3-planets,3,0.007009056690856101,0.05351170568561873,0.6306287625418061
54.0,4-planets,4,0.016320213372307393,0.13712374581939799,0.7981270903010033
54.0,5-planets,5,0.20912457840571935,0.34035087719298246,0.9263894736842104
55.0,2-planets,2,-9.999794419751174e-13,0.06338028169014084,0.6242676056338029
55.0,3-planets,3,0.01418494221514819,0.07167235494880546,0.6275870307167235
55.0,4-planets,4,0.012618278056130854,0.006711409395973154,0.42312416107382556
55.0,5-planets,5,0.19645178796328877,0.28187919463087246,0.8484194630872482
56.0,2-planets,2,-1.0000142668620908e-12,0.016722408026755852,0.45435451505016716
56.0,3-planets,3,0.06721405404060388,0.15100671140939598,0.7713557046979866
56.0,4-planets,4,0.012781377896092126,0.041379310344827586,0.6476655172413792
56.0,5-planets,5,0.07827156114726622,0.15517241379310345,0.8209448275862069
57.0,2-planets,2,-9.99982319172539e-13,0.03666666666666667,0.6118133333333333
57.0,3-planets,3,0.006758342791893669,0.11705685618729098,0.7437859531772575
57.0,5-planets,5,0.1996729213267344,0.06020066889632107,0.7127625418060201
58.0,2-planets,2,-9.99998741531906e-13,0.016778523489932886,0.5711711409395973
58.0,3-planets,3,0.028971706112836768,0.13,0.74513
58.0,4-planets,4,0.014548250929893404,0.020066889632107024,0.5034816053511706
58.0,5-planets,5,0.0479663715742558,0.15488215488215487,0.6504579124579124
59.0,2-planets,2,-1.0000066618402788e-12,0.04713804713804714,0.5391717171717172
59.0,3-planets,3,0.010105031103522111,0.27364864864864863,0.8730777027027028
59.0,4-planets,4,0.032304813534124746,0.10638297872340426,0.6673900709219859
59.0,5-planets,5,0.11492050346639682,0.12374581939799331,0.7138260869565217
60.0,2-planets,2,-9.999837994704866e-13,0.0033333333333333335,0.4992033333333334
60.0,3-planets,3,0.05018162893028691,0.06164383561643835,0.579832191780822
60.0,4-planets,4,0.034097628134957814,0.023890784982935155,0.5721672354948805
60.0,5-planets,5,0.004997721509585693,0.08503401360544217,0.54628231292517
61.0,2-planets,2,-9.999963819976712e-13,0.25177304964539005,0.8462943262411347
61.0,3-planets,3,0.000791200649028879,0.04406779661016949,0.6301016949152543
61.0,4-planets,4,0.0435548413255356,0.18729096989966554,0.7320401337792642
61.0,5-planets,5,0.1322673764251475,0.1605351170568562,0.7823712374581939
62.0,2-planets,2,-9.999823489771293e-13,0.02348993288590604,0.5380402684563758
62.0,3-planets,3,0.0008166552146446513,0.006688963210702341,0.629685618729097
62.0,4-planets,4,0.18067993542752886,0.4864864864864865,1.020233108108108
62.0,5-planets,5,0.019489555340280636,0.6486486486486487,1.146010135135135
63.0,2-planets,2,-9.999733925308155e-13,0.0707070707070707,0.6861616161616161
63.0,3-planets,3,0.016795130977906615,0.28619528619528617,0.8278148148148148
63.0,4-planets,4,0.0036571016560179477,0.023333333333333334,0.5677433333333334
63.0,5-planets,5,0.09193959782276032,0.12333333333333334,0.8123733333333333
64.0,2-planets,2,-9.999674815430406e-13,0.026755852842809364,0.5964347826086956
64.0,3-planets,3,0.20163924534887567,0.03367003367003367,0.590013468013468
64.0,4-planets,4,0.008718277015203354,0.02040816326530612,0.4679863945578232
64.0,5-planets,5,0.14250064520063294,0.13945578231292516,0.7607108843537415
65.0,2-planets,2,-9.999440888840113e-13,0.0033444816053511705,0.5060602006688963
65.0,3-planets,3,0.09035899209400518,0.030201342281879196,0.6648053691275168
65.0,4-planets,4,0.1111209861838057,0.13087248322147652,0.7502953020134228
65.0,5-planets,5,0.016693280392706334,0.07046979865771812,0.6728489932885906
66.0,2-planets,2,-1.0000023848762315e-12,0.06020066889632107,0.6294949832775919
66.0,3-planets,3,0.01978491463062767,0.23411371237458195,0.8398160535117057
66.0,4-planets,4,0.06525464426043553,0.16498316498316498,0.7629629629629631
66.0,5-planets,5,0.06004881599972646,0.10666666666666667,0.7909133333333334
67.0,3-planets,3,0.039984061546463986,0.19798657718120805,0.7974395973154362
67.0,4-planets,4,0.0020360527970893338,0.05,0.6863466666666667
67.0,5-planets,5,0.024306042979954586,0.0777027027027027,0.6929662162162162
68.0,2-planets,2,-1.0000106633898414e-12,0.07046979865771812,0.6136812080536913
68.0,3-planets,3,0.006017542625480418,0.027972027972027972,0.44164685314685315
68.0,4-planets,4,0.12762357010234443,0.3515358361774744,0.9534470989761092
68.0,5-planets,5,0.07391703835645759,0.14285714285714285,0.7254795918367347
69.0,2-planets,2,-9.999485446286172e-13,0.1939799331103679,0.8012608695652174
69.0,3-planets,3,0.012544960620909054,0.03367003367003367,0.525973063973064
69.0,4-planets,4,0.005843159490356646,0.05802047781569966,0.5805836177474403
69.0,5-planets,5,0.024299675054712686,0.010033444816053512,0.3574648829431438
70.0,2-planets,2,-9.99943717572041e-13,0.0033444816053511705,0.43922408026755844
70.0,3-planets,3,0.00599991039904918,0.016778523489932886,0.5173859060402684
70.0,4-planets,4,0.13086275563993932,0.24662162162162163,0.8322128378378377
70.0,5-planets,5,0.01814394872684083,0.6073825503355704,1.0948724832214767
71.0,2-planets,2,-9.999277511538536e-13,0.03678929765886288,0.532484949832776
71.0,3-planets,3,0.03466664727033868,0.0033333333333333335,0.5029966666666666
71.0,4-planets,4,0.054315393486859695,0.07744107744107744,0.5787205387205387
71.0,5-planets,5,0.08025146338183974,0.4463667820069204,0.9951107266435986
72.0,2-planets,2,-9.999680932639677e-13,0.09491525423728814,0.6226338983050848
72.0,3-planets,3,0.1600128740753159,0.12837837837837837,0.7423783783783784
72.0,4-planets,4,0.02205096012518959,0.4863013698630137,1.020609589041096
72.0,5-planets,5,0.09350628697202318,0.13,0.8025566666666667
73.0,2-planets,2,-9.999667015385462e-13,0.09395973154362416,0.6798590604026846
73.0,3-planets,3,0.013158994837301624,0.3288590604026846,0.8353322147651006
73.0,4-planets,4,0.041893063489215634,0.15333333333333332,0.8204633333333333
73.0,5-planets,5,0.040364222690591554,0.15699658703071673,0.8226245733788395
74.0,2-planets,2,-1.0000053553724892e-12,0.05351170568561873,0.5635016722408026
74.0,3-planets,3,0.003873667240121833,0.06375838926174497,0.6786476510067114
74.0,4-planets,4,0.01619103420705626,0.0,0.6511666666666668
74.0,5-planets,5,0.023920312073662495,0.09060402684563758,0.686748322147651
75.0,2-planets,2,-9.999922281018782e-13,0.10884353741496598,0.6952993197278912
75.0,3-planets,3,0.02117964524285155,0.11705685618729098,0.6829498327759197
75.0,4-planets,4,0.004060925514665048,0.21070234113712374,0.772334448160535
75.0,5-planets,5,0.05998422065498018,0.006666666666666667,0.5157499999999999
76.0,2-planets,2,-9.999583743626135e-13,0.016891891891891893,0.5353175675675675
76.0,3-planets,3,0.0021669887968424474,0.03,0.5746233333333334
76.0,4-planets,4,0.022517050887773234,0.04013377926421405,0.642515050167224
76.0,5-planets,5,0.05032816639668845,0.1605351170568562,0.8175451505016722
77.0,2-planets,2,-9.999589413659363e-13,0.020066889632107024,0.574551839464883
77.0,3-planets,3,0.02873005188245719,0.17114093959731544,0.7855402684563758
77.0,4-planets,4,0.00837161832683659,0.25838926174496646,0.8620671140939598
78.0,2-planets,2,-9.99985456595079e-13,0.034129692832764506,0.5714607508532423
78.0,3-planets,3,0.022264489315665353,0.1476510067114094,0.7779664429530202
78.0,4-planets,4,0.018452333823751825,0.060810810810810814,0.5124324324324324
78.0,5-planets,5,0.04470270729405188,0.28321678321678323,0.8465
79.0,2-planets,2,-9.999949294875234e-13,0.13310580204778158,0.7282696245733788
79.0,3-planets,3,0.013492127108613153,0.16161616161616163,0.7429663299663299
79.0,4-planets,4,0.019180269125587006,0.19063545150501673,0.8189598662207358
79.0,5-planets,5,0.01570481552954027,0.013745704467353952,0.41113402061855675
80.0,2-planets,2,-1.00002668338665e-12,0.006711409395973154,0.42440939597315436
80.0,3-planets,3,0.024346033342202783,0.19463087248322147,0.7940973154362415
80.0,4-planets,4,0.004982908027499507,0.15666666666666668,0.6831100000000001
80.0,5-planets,5,0.04082191502054722,0.2920962199312715,0.899958762886598
81.0,2-planets,2,-9.999741775369654e-13,0.016666666666666666,0.48730666666666667
81.0,3-planets,3,0.003776836549858907,0.003355704697986577,0.4920637583892617
81.0,4-planets,4,0.05510608935460702,0.03678929765886288,0.5817692307692307
81.0,5-planets,5,0.033949269399578194,0.09121621621621621,0.6726249999999999
82.0,2-planets,2,-9.999981323491044e-13,0.037162162162162164,0.5309222972972973
82.0,3-planets,3,0.008139808580632252,0.06440677966101695,0.5730406779661017
82.0,4-planets,4,0.07155959582170011,0.24414715719063546,0.816180602006689
82.0,5-planets,5,0.07812804472869347,0.07612456747404844,0.5513425605536332
83.0,2-planets,2,-9.999995594039588e-13,0.04377104377104377,0.5635892255892256
83.0,3-planets,3,0.10672651941484429,0.02666666666666667,0.5710866666666666
83.0,4-planets,4,0.00432374918485291,0.020134228187919462,0.4958120805369128
84.0,2-planets,2,-9.999596903278166e-13,0.04436860068259386,0.5635836177474403
84.0,3-planets,3,0.051006783575074016,0.11333333333333333,0.6836233333333332
84.0,4-planets,4,0.011293028591708014,0.060810810810810814,0.5400067567567567
84.0,5-planets,5,0.046658771601452625,0.21140939597315436,0.8281308724832215
85.0,2-planets,2,-9.999912455141208e-13,0.0033444816053511705,0.4676354515050167
85.0,3-planets,3,0.035913707712155254,0.25,0.8536566666666666
85.0,4-planets,4,0.005391219946871497,0.11784511784511785,0.7667272727272728
85.0,5-planets,5,0.01491126320475503,0.09090909090909091,0.6735656565656566
86.0,2-planets,2,-1.0000139985500366e-12,0.06164383561643835,0.5715034246575343
86.0,3-planets,3,0.00024042603450599698,0.4689655172413793,1.0294172413793103
86.0,4-planets,4,0.010349211283485569,0.06859205776173286,0.4998086642599278
86.0,5-planets,5,0.01734062425049416,0.3691275167785235,0.9361744966442954
87.0,2-planets,2,-9.999696544065695e-13,0.02356902356902357,0.5328148148148147
87.0,3-planets,3,0.07011702782583187,0.2356902356902357,0.8646767676767677
87.0,4-planets,4,0.05026853933946746,0.07692307692307693,0.6913177257525084
87.0,5-planets,5,0.019623002085811123,0.19463087248322147,0.7791543624161074
88.0,2-planets,2,-9.999553037455926e-13,0.0033333333333333335,0.44147666666666663
88.0,3-planets,3,0.004506083884233833,0.23024054982817868,0.8593951890034365
88.0,4-planets,4,0.023819832957120653,0.174496644295302,0.7601778523489934
88.0,5-planets,5,0.06700484110122233,0.03,0.5670999999999999
89.0,2-planets,2,-9.999971865072552e-13,0.07023411371237458,0.6842207357859531
89.0,3-planets,3,0.005977465277194359,0.023333333333333334,0.6714233333333333
89.0,4-planets,4,0.0807077092091737,0.14093959731543623,0.6532382550335571
89.0,5-planets,5,0.02725033804926351,0.21548821548821548,0.7747575757575756
90.0,2-planets,2,-9.999534157391863e-13,0.03389830508474576,0.5324542372881356
90.0,3-planets,3,0.13008525219042816,0.01,0.49265666666666663
90.0,4-planets,4,0.023691838612548602,0.04697986577181208,0.5970771812080538
90.0,5-planets,5,0.0873813533088888,0.1939799331103679,0.8167792642140468
91.0,2-planets,2,-9.999674815430406e-13,0.030100334448160536,0.5313177257525082
91.0,3-planets,3,0.006374559629797834,0.04697986577181208,0.5191174496644295
91.0,4-planets,4,0.014628243088146416,0.013377926421404682,0.5053545150501673
91.0,5-planets,5,0.034707073397915573,0.08996539792387544,0.6712733564013841
92.0,2-planets,2,-9.999552974731032e-13,0.05084745762711865,0.5844440677966102
92.0,4-planets,4,0.019532961801325514,0.06551724137931035,0.5625310344827587
92.0,5-planets,5,0.03138085849467401,0.01,0.6028
93.0,2-planets,2,-9.999673971540277e-13,0.0944055944055944,0.6565524475524475
93.0,3-planets,3,0.0033431724842809627,0.09152542372881356,0.6634576271186441
93.0,4-planets,4,0.03171349907506783,0.087248322147651,0.6102080536912751
93.0,5-planets,5,0.030990781248433935,0.04666666666666667,0.6285666666666666
94.0,2-planets,2,-9.9995492112631e-13,0.01694915254237288,0.5165661016949152
94.0,3-planets,3,0.0018304674485837124,0.07357859531772576,0.6435150501672241
94.0,4-planets,4,0.02328293884899163,0.0847457627118644,0.5986610169491525
94.0,5-planets,5,0.06427889253491294,0.1605351170568562,0.8186588628762542
95.0,2-planets,2,-9.999921311435591e-13,0.0472972972972973,0.5882567567567568
95.0,3-planets,3,0.059457572689546066,0.13494809688581316,0.7211487889273357
95.0,4-planets,4,0.028898535456706714,0.10847457627118644,0.5912542372881355
95.0,5-planets,5,0.048672796194549714,0.25510204081632654,0.8642278911564627
96.0,2-planets,2,-1.0000415857102951e-12,0.016778523489932886,0.4959228187919464
96.0,3-planets,3,0.003956774959495167,0.05102040816326531,0.579156462585034
96.0,4-planets,4,0.012828130071755124,0.06802721088435375,0.6248843537414966
96.0,5-planets,5,0.016715757438191387,0.03741496598639456,0.4951054421768707
97.0,2-planets,2,-1.0000222872024887e-12,0.08,0.6243433333333334
97.0,3-planets,3,0.009647673342319241,0.0,0.4683177257525083
97.0,4-planets,4,0.028692070951993557,0.24,0.8055833333333333
97.0,5-planets,5,0.17947922055642224,0.31,0.9027466666666665
98.0,2-planets,2,-1.0000183864188575e-12,0.10135135135135136,0.6959966216216216
98.0,3-planets,3,0.005747386928298619,0.0738255033557047,0.67348322147651
98.0,4-planets,4,0.031091288951587304,0.08843537414965986,0.7121224489795919
98.0,5-planets,5,0.13143860653565334,0.4533333333333333,0.9693433333333333
99.0,2-planets,2,-9.999809199872985e-13,0.136986301369863,0.6948013698630137
99.0,3-planets,3,0.0035194941268320854,0.22145328719723184,0.8322006920415225
99.0,4-planets,4,0.0013498551780821502,0.11036789297658862,0.6913210702341137
99.0,5-planets,5,0.03304129018552886,0.3741496598639456,0.920078231292517
100.0,2-planets,2,-9.99934142221909e-13,0.04040404040404041,0.5351885521885522
100.0,3-planets,3,0.002963984633618388,0.06354515050167224,0.7042742474916387
100.0,4-planets,4,0.042151730455281256,0.2751677852348993,0.8528187919463087
100.0,5-planets,5,0.04421507462833605,0.06020066889632107,0.6775986622073578
101.0,2-planets,2,-9.999734373890213e-13,0.006666666666666667,0.5135733333333333
101.0,3-planets,3,0.054310646076267954,0.3152542372881356,0.8835627118644066
101.0,4-planets,4,0.01957688809401593,0.2550335570469799,0.7924127516778524
101.0,5-planets,5,0.012094544765278818,0.19230769230769232,0.7876118881118881
102.0,2-planets,2,-9.999678528550914e-13,0.15384615384615385,0.7397826086956522
102.0,3-planets,3,0.0023174902285176555,0.07547169811320754,0.553611320754717
102.0,4-planets,4,0.045854093814024784,0.08695652173913043,0.6792140468227426
102.0,5-planets,5,0.11348768436934395,0.07,0.6918266666666667
103.0,2-planets,2,-1.0000008228898393e-12,0.006666666666666667,0.4323733333333333
103.0,3-planets,3,0.19846652829427686,0.07,0.6991666666666667
103.0,4-planets,4,0.031130038028924844,0.06484641638225255,0.6289658703071672
103.0,5-planets,5,0.01300275160744465,0.06040268456375839,0.6731174496644295
104.0,2-planets,2,-9.999949586346049e-13,0.09157509157509157,0.6213589743589744
104.0,3-planets,3,0.0001645047100764076,0.18213058419243985,0.8226426116838488
104.0,4-planets,4,0.0930735113819386,0.09333333333333334,0.70426
104.0,5-planets,5,0.008642650352017903,0.0035211267605633804,0.43777464788732395
105.0,2-planets,2,-9.999592503773487e-13,0.030201342281879196,0.5925167785234899
105.0,3-planets,3,0.07616628265437023,0.11666666666666667,0.6975233333333334
105.0,4-planets,4,0.010171355851738666,0.013377926421404682,0.4844147157190636
105.0,5-planets,5,0.32644030260474677,0.1527777777777778,0.7603055555555556
106.0,2-planets,2,-1.0000495970706347e-12,0.08394160583941605,0.6870839416058395
106.0,3-planets,3,0.013042997476591631,0.03678929765886288,0.6635384615384615
106.0,4-planets,4,0.02952386787462951,0.0033333333333333335,0.5355833333333334
106.0,5-planets,5,0.14968794668657878,0.5135135135135135,1.002418918918919
107.0,2-planets,2,-9.999434875337612e-13,0.010101010101010102,0.5693400673400674
107.0,3-planets,3,0.025599127972877847,0.023411371237458192,0.5917458193979933
107.0,4-planets,4,0.051169689994338324,0.037037037037037035,0.6348619528619528
107.0,5-planets,5,0.062285246059054035,0.1912751677852349,0.8076476510067114
108.0,3-planets,3,0.003029830450602941,0.12121212121212122,0.7503131313131313
108.0,5-planets,5,0.05192255127858486,0.006711409395973154,0.45487248322147655
109.0,5-planets,5,0.03898869224575942,0.026845637583892617,0.5477214765100671
110.0,5-planets,5,0.0276896939761492,0.2140468227424749,0.8091270903010035
111.0,5-planets,5,0.1217829148132585,0.10135135135135136,0.7688378378378379
