subject_id,states,condition,alpha_mean,alpha_sd,alpha_rhat,alpha_ess,a_mean,a_sd,a_rhat,a_ess,t0_mean,t0_sd,t0_rhat,t0_ess,scaler_mean,scaler_sd,scaler_rhat,scaler_ess,log_scaler_mean,log_scaler_sd,log_scaler_rhat,log_scaler_ess
0,2,2-state,0.383,0.146,1.0,3089.0,1.502,0.034,1.0,3417.0,0.172,0.003,1.0,2179.0,0.046,0.01,1.0,3119.0,-3.112,0.22,1.0,3119.0
1,2,2-state,0.337,0.129,1.0,2351.0,1.298,0.028,1.0,2786.0,0.302,0.003,1.0,2165.0,0.048,0.011,1.0,2560.0,-3.054,0.224,1.0,2560.0
2,2,2-state,0.457,0.159,1.0,2796.0,1.233,0.028,1.0,3013.0,0.228,0.002,1.0,2325.0,0.052,0.012,1.0,2890.0,-2.983,0.23,1.0,2890.0
3,2,2-state,0.415,0.15,1.0,2835.0,1.166,0.029,1.0,3003.0,0.336,0.001,1.0,2279.0,0.056,0.014,1.0,3179.0,-2.911,0.239,1.0,3179.0
4,2,2-state,0.47,0.155,1.0,2853.0,1.29,0.031,1.0,2801.0,0.283,0.002,1.0,2212.0,0.056,0.013,1.0,3057.0,-2.915,0.236,1.0,3057.0
6,2,2-state,0.395,0.151,1.0,3282.0,1.26,0.029,1.0,3317.0,0.34,0.002,1.0,1961.0,0.053,0.013,1.0,2991.0,-2.968,0.243,1.0,2991.0
8,2,2-state,0.454,0.161,1.0,3401.0,0.933,0.022,1.0,3325.0,0.324,0.001,1.0,2783.0,0.051,0.012,1.0,3154.0,-2.996,0.233,1.0,3154.0
9,2,2-state,0.315,0.125,1.0,2794.0,1.241,0.028,1.0,2842.0,0.355,0.002,1.0,2369.0,0.053,0.013,1.0,2934.0,-2.96,0.245,1.0,2934.0
11,2,2-state,0.445,0.159,1.0,2934.0,1.133,0.027,1.0,3197.0,0.28,0.001,1.0,2675.0,0.051,0.012,1.0,3024.0,-2.996,0.229,1.0,3024.0
12,2,2-state,0.493,0.167,1.0,2910.0,1.413,0.033,1.0,3111.0,0.191,0.003,1.0,2628.0,0.052,0.012,1.0,3063.0,-2.98,0.231,1.0,3063.0
13,2,2-state,0.518,0.15,1.0,3008.0,1.22,0.028,1.0,3156.0,0.206,0.002,1.01,1970.0,0.054,0.013,1.0,2713.0,-2.94,0.234,1.0,2713.0
14,2,2-state,0.394,0.138,1.0,3238.0,1.055,0.024,1.0,3249.0,0.321,0.001,1.0,1966.0,0.053,0.013,1.0,3154.0,-2.965,0.234,1.0,3154.0
15,2,2-state,0.541,0.158,1.0,3124.0,1.205,0.028,1.0,3105.0,0.331,0.002,1.0,2862.0,0.052,0.012,1.0,3255.0,-2.985,0.231,1.0,3255.0
17,2,2-state,0.498,0.146,1.0,3233.0,0.911,0.023,1.0,3032.0,0.26,0.001,1.0,2345.0,0.056,0.014,1.0,3292.0,-2.919,0.244,1.0,3292.0
18,2,2-state,0.46,0.148,1.0,3043.0,1.125,0.026,1.0,2896.0,0.211,0.002,1.0,2076.0,0.06,0.015,1.0,3026.0,-2.838,0.243,1.0,3026.0
19,2,2-state,0.519,0.156,1.0,2435.0,1.225,0.028,1.0,2684.0,0.161,0.003,1.0,1809.0,0.05,0.011,1.0,2717.0,-3.025,0.218,1.0,2717.0
20,2,2-state,0.448,0.158,1.0,3435.0,0.974,0.024,1.0,3285.0,0.228,0.001,1.0,2544.0,0.052,0.012,1.0,3442.0,-2.974,0.232,1.0,3442.0
21,2,2-state,0.472,0.16,1.0,2920.0,1.147,0.027,1.0,3226.0,0.34,0.002,1.0,2024.0,0.053,0.013,1.0,3408.0,-2.958,0.235,1.0,3408.0
22,2,2-state,0.463,0.151,1.0,2792.0,1.341,0.031,1.0,3217.0,0.321,0.002,1.0,2152.0,0.051,0.012,1.0,2751.0,-2.999,0.228,1.0,2751.0
23,2,2-state,0.48,0.153,1.0,3044.0,1.36,0.032,1.0,3018.0,0.145,0.003,1.0,2122.0,0.056,0.013,1.0,3069.0,-2.916,0.232,1.0,3069.0
24,2,2-state,0.445,0.148,1.0,2870.0,1.361,0.033,1.0,3367.0,0.165,0.003,1.0,2111.0,0.059,0.014,1.0,3191.0,-2.86,0.243,1.0,3191.0
25,2,2-state,0.294,0.12,1.0,2732.0,1.169,0.025,1.0,2598.0,0.348,0.003,1.0,1630.0,0.052,0.013,1.0,2646.0,-2.983,0.246,1.0,2646.0
26,2,2-state,0.412,0.144,1.0,3329.0,1.123,0.027,1.0,3429.0,0.316,0.001,1.0,2795.0,0.058,0.014,1.0,3660.0,-2.869,0.239,1.0,3660.0
27,2,2-state,0.353,0.125,1.0,2811.0,1.076,0.024,1.0,2441.0,0.394,0.001,1.0,2475.0,0.052,0.012,1.0,3332.0,-2.983,0.234,1.0,3332.0
28,2,2-state,0.468,0.157,1.0,3088.0,1.039,0.025,1.0,3250.0,0.281,0.001,1.0,2491.0,0.059,0.015,1.0,2915.0,-2.858,0.247,1.0,2915.0
29,2,2-state,0.473,0.143,1.0,2916.0,1.261,0.028,1.0,2639.0,0.288,0.003,1.0,2345.0,0.061,0.015,1.0,3090.0,-2.821,0.239,1.0,3090.0
30,2,2-state,0.354,0.145,1.0,3045.0,1.176,0.027,1.0,2980.0,0.22,0.002,1.0,2124.0,0.05,0.011,1.0,3037.0,-3.016,0.222,1.0,3037.0
31,2,2-state,0.438,0.163,1.0,3125.0,1.263,0.03,1.0,3591.0,0.196,0.002,1.0,2378.0,0.051,0.012,1.0,2948.0,-2.995,0.232,1.0,2948.0
32,2,2-state,0.373,0.149,1.0,2878.0,1.329,0.03,1.0,2907.0,0.315,0.004,1.0,1972.0,0.048,0.011,1.0,2598.0,-3.053,0.229,1.0,2598.0
34,2,2-state,0.368,0.136,1.0,3221.0,1.009,0.026,1.0,2748.0,0.303,0.001,1.0,1948.0,0.052,0.012,1.0,3029.0,-2.98,0.233,1.0,3029.0
35,2,2-state,0.501,0.151,1.0,2618.0,1.482,0.036,1.0,2902.0,0.147,0.004,1.0,1781.0,0.062,0.015,1.0,2677.0,-2.813,0.24,1.0,2677.0
36,2,2-state,0.374,0.121,1.0,2668.0,1.23,0.028,1.0,2720.0,0.307,0.003,1.0,2362.0,0.055,0.014,1.0,3142.0,-2.932,0.243,1.0,3142.0
37,2,2-state,0.184,0.095,1.0,2255.0,1.238,0.028,1.0,2086.0,0.257,0.002,1.0,1917.0,0.044,0.011,1.0,2312.0,-3.161,0.246,1.0,2312.0
38,2,2-state,0.413,0.151,1.0,3185.0,1.05,0.025,1.0,3322.0,0.336,0.001,1.0,2619.0,0.054,0.013,1.0,3126.0,-2.94,0.24,1.0,3126.0
40,2,2-state,0.441,0.154,1.0,3360.0,0.912,0.022,1.0,3359.0,0.258,0.001,1.0,2650.0,0.055,0.013,1.0,3177.0,-2.924,0.236,1.0,3177.0
41,2,2-state,0.433,0.149,1.0,3217.0,0.996,0.025,1.0,3358.0,0.245,0.001,1.0,2159.0,0.052,0.012,1.0,3313.0,-2.99,0.233,1.0,3313.0
42,2,2-state,0.451,0.152,1.0,2689.0,1.297,0.029,1.0,2931.0,0.265,0.003,1.0,1872.0,0.059,0.015,1.0,2859.0,-2.858,0.246,1.0,2859.0
43,2,2-state,0.482,0.163,1.0,2843.0,1.341,0.03,1.0,2797.0,0.259,0.003,1.0,2259.0,0.051,0.012,1.0,2959.0,-3.003,0.229,1.0,2959.0
44,2,2-state,0.409,0.144,1.0,3070.0,1.13,0.029,1.0,3218.0,0.135,0.001,1.0,2742.0,0.054,0.013,1.0,2965.0,-2.946,0.236,1.0,2965.0
45,2,2-state,0.524,0.152,1.0,2599.0,1.269,0.031,1.0,2668.0,0.2,0.003,1.0,1798.0,0.059,0.014,1.0,3051.0,-2.852,0.238,1.0,3051.0
46,2,2-state,0.474,0.144,1.0,3740.0,1.094,0.027,1.0,2872.0,0.322,0.001,1.0,2233.0,0.059,0.015,1.0,3529.0,-2.861,0.246,1.0,3529.0
47,2,2-state,0.447,0.152,1.0,3451.0,1.082,0.025,1.0,3388.0,0.284,0.001,1.0,1848.0,0.054,0.013,1.0,3545.0,-2.942,0.239,1.0,3545.0
49,2,2-state,0.378,0.143,1.0,3215.0,1.113,0.027,1.0,3135.0,0.235,0.001,1.0,2323.0,0.056,0.014,1.0,2907.0,-2.915,0.245,1.0,2907.0
50,2,2-state,0.495,0.153,1.0,3134.0,1.096,0.027,1.0,3435.0,0.281,0.001,1.0,2491.0,0.06,0.015,1.0,3318.0,-2.838,0.244,1.0,3318.0
51,2,2-state,0.445,0.144,1.0,3026.0,1.444,0.035,1.0,2274.0,0.26,0.007,1.0,1628.0,0.056,0.013,1.0,2916.0,-2.903,0.237,1.0,2916.0
52,2,2-state,0.413,0.143,1.0,3231.0,1.304,0.031,1.0,3345.0,0.303,0.002,1.0,2653.0,0.057,0.014,1.0,3029.0,-2.89,0.246,1.0,3029.0
54,2,2-state,0.414,0.135,1.0,2465.0,1.07,0.025,1.0,2817.0,0.258,0.001,1.0,2327.0,0.054,0.013,1.0,2978.0,-2.951,0.232,1.0,2978.0
55,2,2-state,0.461,0.143,1.0,2702.0,1.414,0.035,1.0,2419.0,0.17,0.003,1.0,1547.0,0.056,0.013,1.0,2548.0,-2.911,0.238,1.0,2548.0
56,2,2-state,0.498,0.15,1.0,2927.0,1.131,0.028,1.0,2703.0,0.164,0.003,1.0,1712.0,0.058,0.014,1.0,2831.0,-2.871,0.239,1.0,2831.0
57,2,2-state,0.513,0.146,1.0,2972.0,1.291,0.032,1.0,3224.0,0.247,0.002,1.0,2303.0,0.06,0.015,1.0,3278.0,-2.849,0.239,1.0,3278.0
58,2,2-state,0.457,0.153,1.0,3017.0,1.27,0.032,1.0,2716.0,0.218,0.002,1.0,1973.0,0.054,0.013,1.0,3271.0,-2.939,0.236,1.0,3271.0
59,2,2-state,0.506,0.15,1.0,3005.0,1.303,0.032,1.0,2711.0,0.162,0.002,1.0,1976.0,0.064,0.016,1.0,3123.0,-2.783,0.252,1.0,3123.0
60,2,2-state,0.464,0.149,1.0,3401.0,1.137,0.028,1.0,2836.0,0.218,0.001,1.0,2550.0,0.055,0.013,1.0,2845.0,-2.929,0.233,1.0,2845.0
61,2,2-state,0.469,0.151,1.0,2746.0,1.567,0.037,1.0,3188.0,0.256,0.003,1.0,2362.0,0.058,0.014,1.0,2724.0,-2.875,0.239,1.0,2724.0
62,2,2-state,0.212,0.07,1.0,1670.0,1.068,0.026,1.0,2697.0,0.295,0.001,1.0,1797.0,0.055,0.014,1.0,2152.0,-2.928,0.252,1.0,2152.0
63,2,2-state,0.416,0.154,1.0,2994.0,1.129,0.026,1.0,2875.0,0.403,0.002,1.0,2090.0,0.05,0.011,1.0,3443.0,-3.015,0.225,1.0,3443.0
64,2,2-state,0.451,0.158,1.0,3177.0,1.317,0.032,1.0,3062.0,0.219,0.002,1.0,2340.0,0.053,0.012,1.0,3313.0,-2.966,0.233,1.0,3313.0
65,2,2-state,0.459,0.144,1.0,3055.0,1.106,0.026,1.0,3379.0,0.233,0.001,1.0,2221.0,0.06,0.015,1.0,3354.0,-2.849,0.242,1.0,3354.0
66,2,2-state,0.475,0.16,1.0,3242.0,1.2,0.028,1.0,3021.0,0.301,0.002,1.0,2274.0,0.051,0.012,1.0,3227.0,-3.011,0.23,1.0,3227.0
68,2,2-state,0.373,0.148,1.0,2946.0,1.196,0.028,1.0,3005.0,0.286,0.002,1.0,2394.0,0.053,0.013,1.0,2968.0,-2.96,0.233,1.0,2968.0
69,2,2-state,0.434,0.143,1.0,3153.0,1.452,0.032,1.0,3334.0,0.31,0.002,1.0,2011.0,0.059,0.015,1.0,3209.0,-2.855,0.247,1.0,3209.0
70,2,2-state,0.414,0.153,1.0,2689.0,0.919,0.022,1.0,3185.0,0.262,0.001,1.0,2211.0,0.055,0.013,1.0,3204.0,-2.935,0.23,1.0,3204.0
71,2,2-state,0.337,0.14,1.0,2481.0,0.979,0.022,1.0,2945.0,0.323,0.001,1.0,1808.0,0.051,0.012,1.0,2678.0,-2.999,0.234,1.0,2678.0
72,2,2-state,0.413,0.141,1.0,3652.0,1.453,0.034,1.0,3609.0,0.122,0.005,1.0,2872.0,0.056,0.013,1.0,3433.0,-2.91,0.231,1.0,3433.0
73,2,2-state,0.465,0.148,1.0,1966.0,1.234,0.028,1.0,3067.0,0.317,0.003,1.0,1696.0,0.059,0.014,1.0,2906.0,-2.866,0.242,1.0,2906.0
74,2,2-state,0.433,0.16,1.0,3025.0,1.273,0.029,1.0,3080.0,0.204,0.002,1.0,2391.0,0.046,0.01,1.0,2772.0,-3.095,0.221,1.0,2772.0
75,2,2-state,0.327,0.107,1.0,2046.0,1.142,0.025,1.0,2749.0,0.396,0.002,1.0,2015.0,0.05,0.011,1.0,2741.0,-3.018,0.226,1.0,2741.0
76,2,2-state,0.472,0.158,1.0,2970.0,1.09,0.027,1.0,3086.0,0.278,0.001,1.0,2086.0,0.057,0.014,1.0,2823.0,-2.9,0.24,1.0,2823.0
77,2,2-state,0.377,0.148,1.0,2721.0,1.091,0.027,1.0,2995.0,0.318,0.001,1.0,2179.0,0.055,0.013,1.0,2585.0,-2.934,0.239,1.0,2585.0
79,2,2-state,0.423,0.148,1.0,2800.0,1.292,0.03,1.0,2986.0,0.341,0.002,1.0,2577.0,0.055,0.013,1.0,2869.0,-2.936,0.239,1.0,2869.0
80,2,2-state,0.436,0.17,1.0,3243.0,1.006,0.024,1.0,3127.0,0.214,0.001,1.0,2308.0,0.05,0.011,1.0,3205.0,-3.023,0.226,1.0,3205.0
81,2,2-state,0.356,0.119,1.0,2345.0,1.105,0.026,1.0,2643.0,0.222,0.001,1.0,1864.0,0.055,0.013,1.0,2670.0,-2.929,0.235,1.0,2670.0
82,2,2-state,0.328,0.132,1.0,2545.0,1.205,0.027,1.0,2459.0,0.214,0.002,1.0,2066.0,0.045,0.01,1.0,2918.0,-3.114,0.216,1.0,2918.0
83,2,2-state,0.485,0.161,1.0,3035.0,1.121,0.026,1.0,2994.0,0.279,0.002,1.0,1768.0,0.053,0.012,1.0,3019.0,-2.959,0.221,1.0,3019.0
84,2,2-state,0.386,0.16,1.0,2954.0,1.082,0.021,1.0,2851.0,0.306,0.002,1.0,1876.0,0.043,0.009,1.0,2553.0,-3.177,0.211,1.0,2553.0
85,2,2-state,0.459,0.155,1.0,2754.0,1.0,0.023,1.0,3190.0,0.242,0.001,1.0,1704.0,0.056,0.014,1.0,2951.0,-2.91,0.248,1.0,2951.0
86,2,2-state,0.497,0.156,1.0,2795.0,1.276,0.03,1.0,3143.0,0.205,0.002,1.0,2113.0,0.058,0.014,1.0,3218.0,-2.874,0.235,1.0,3218.0
87,2,2-state,0.386,0.128,1.0,3208.0,1.124,0.026,1.0,3291.0,0.255,0.001,1.0,2241.0,0.053,0.013,1.0,2586.0,-2.968,0.233,1.0,2586.0
88,2,2-state,0.412,0.145,1.0,3037.0,0.891,0.021,1.0,3069.0,0.268,0.001,1.0,2213.0,0.055,0.013,1.0,3361.0,-2.931,0.238,1.0,3361.0
89,2,2-state,0.507,0.15,1.0,2938.0,1.284,0.03,1.0,2898.0,0.3,0.002,1.0,1983.0,0.059,0.015,1.0,2736.0,-2.866,0.244,1.0,2736.0
90,2,2-state,0.322,0.12,1.0,2854.0,1.321,0.03,1.0,2850.0,0.147,0.003,1.0,1814.0,0.051,0.012,1.0,2711.0,-3.008,0.229,1.0,2711.0
91,2,2-state,0.499,0.171,1.0,2598.0,1.065,0.026,1.0,3089.0,0.292,0.001,1.0,2162.0,0.049,0.011,1.0,3180.0,-3.049,0.228,1.0,3180.0
92,2,2-state,0.4,0.151,1.0,3199.0,1.284,0.031,1.0,3052.0,0.22,0.002,1.0,2283.0,0.054,0.013,1.0,3077.0,-2.954,0.237,1.0,3077.0
93,2,2-state,0.463,0.147,1.0,3301.0,1.462,0.034,1.0,3290.0,0.165,0.003,1.0,1932.0,0.054,0.013,1.0,3051.0,-2.943,0.233,1.0,3051.0
94,2,2-state,0.426,0.155,1.0,3273.0,1.141,0.028,1.0,2975.0,0.241,0.001,1.0,2219.0,0.053,0.013,1.0,2776.0,-2.961,0.233,1.0,2776.0
95,2,2-state,0.37,0.048,1.0,1141.0,1.094,0.023,1.0,2146.0,0.318,0.002,1.0,1785.0,0.051,0.012,1.0,2018.0,-3.003,0.228,1.0,2018.0
96,2,2-state,0.203,0.062,1.0,1514.0,1.209,0.03,1.0,2196.0,0.176,0.003,1.0,1485.0,0.058,0.016,1.0,2336.0,-2.89,0.267,1.0,2336.0
97,2,2-state,0.429,0.149,1.0,2916.0,1.316,0.03,1.0,2914.0,0.229,0.002,1.0,2670.0,0.048,0.011,1.0,3290.0,-3.068,0.222,1.0,3290.0
98,2,2-state,0.444,0.148,1.0,3450.0,1.295,0.03,1.0,3237.0,0.318,0.002,1.0,2320.0,0.063,0.016,1.0,3046.0,-2.798,0.247,1.0,3046.0
99,2,2-state,0.43,0.171,1.0,2972.0,1.334,0.03,1.0,2538.0,0.279,0.003,1.0,2072.0,0.051,0.012,1.0,2724.0,-3.004,0.229,1.0,2724.0
100,2,2-state,0.437,0.14,1.0,2702.0,1.31,0.032,1.0,2787.0,0.158,0.002,1.0,1895.0,0.055,0.013,1.0,2577.0,-2.925,0.232,1.0,2577.0
101,2,2-state,0.395,0.134,1.0,2825.0,1.125,0.026,1.0,2352.0,0.244,0.001,1.0,2074.0,0.052,0.012,1.0,2551.0,-2.985,0.223,1.0,2551.0
102,2,2-state,0.396,0.148,1.0,3360.0,1.27,0.027,1.0,3241.0,0.364,0.002,1.0,2281.0,0.052,0.012,1.0,3344.0,-2.986,0.229,1.0,3344.0
103,2,2-state,0.435,0.151,1.0,3167.0,0.906,0.022,1.0,3025.0,0.26,0.001,1.0,2455.0,0.054,0.013,1.0,2869.0,-2.947,0.237,1.0,2869.0
105,2,2-state,0.515,0.161,1.0,2550.0,1.151,0.025,1.0,2523.0,0.291,0.002,1.0,2013.0,0.056,0.013,1.0,2674.0,-2.904,0.232,1.0,2674.0
106,2,2-state,0.501,0.145,1.0,2839.0,1.192,0.026,1.0,3124.0,0.372,0.002,1.0,2135.0,0.049,0.01,1.0,2672.0,-3.048,0.214,1.0,2672.0
107,2,2-state,0.519,0.148,1.0,2597.0,1.27,0.031,1.0,3071.0,0.21,0.002,1.0,2177.0,0.061,0.015,1.0,3278.0,-2.83,0.25,1.0,3278.0
0,3,3-state,0.437,0.15,1.0,3191.0,1.144,0.026,1.0,3159.0,0.281,0.002,1.0,2310.0,0.055,0.013,1.0,3088.0,-2.923,0.238,1.0,3088.0
1,3,3-state,0.388,0.134,1.0,2974.0,1.25,0.028,1.0,2568.0,0.258,0.002,1.0,2182.0,0.056,0.014,1.0,2840.0,-2.912,0.243,1.0,2840.0
2,3,3-state,0.455,0.151,1.0,2610.0,1.311,0.03,1.0,3065.0,0.363,0.003,1.0,1913.0,0.053,0.012,1.0,3200.0,-2.97,0.228,1.0,3200.0
3,3,3-state,0.463,0.151,1.0,3427.0,1.591,0.038,1.0,3045.0,0.132,0.005,1.0,3196.0,0.058,0.014,1.0,3554.0,-2.873,0.243,1.0,3554.0
4,3,3-state,0.374,0.137,1.0,2901.0,1.075,0.025,1.0,2696.0,0.331,0.001,1.0,2119.0,0.051,0.012,1.0,2981.0,-3.004,0.232,1.0,2981.0
5,3,3-state,0.48,0.149,1.0,2354.0,1.452,0.035,1.0,2528.0,0.157,0.003,1.0,2340.0,0.058,0.015,1.0,2530.0,-2.871,0.244,1.0,2530.0
6,3,3-state,0.467,0.153,1.0,2875.0,1.294,0.03,1.0,3208.0,0.242,0.002,1.0,2487.0,0.059,0.015,1.0,3248.0,-2.856,0.246,1.0,3248.0
7,3,3-state,0.435,0.15,1.0,2888.0,1.378,0.033,1.0,2847.0,0.312,0.002,1.0,2289.0,0.055,0.013,1.0,2982.0,-2.921,0.24,1.0,2982.0
8,3,3-state,0.487,0.146,1.0,2777.0,1.157,0.027,1.0,2657.0,0.352,0.002,1.0,2219.0,0.058,0.014,1.0,3014.0,-2.87,0.24,1.0,3014.0
9,3,3-state,0.481,0.151,1.0,3297.0,0.943,0.023,1.0,3416.0,0.261,0.001,1.0,2479.0,0.058,0.014,1.0,3487.0,-2.875,0.235,1.0,3487.0
10,3,3-state,0.48,0.143,1.0,2936.0,1.586,0.038,1.0,3138.0,0.151,0.005,1.0,1670.0,0.06,0.015,1.0,3164.0,-2.841,0.242,1.0,3164.0
11,3,3-state,0.54,0.137,1.0,2748.0,0.995,0.025,1.0,3133.0,0.399,0.001,1.0,2009.0,0.057,0.014,1.0,2961.0,-2.9,0.242,1.0,2961.0
12,3,3-state,0.462,0.153,1.0,3311.0,1.585,0.035,1.0,2933.0,0.352,0.003,1.0,1814.0,0.055,0.013,1.0,2742.0,-2.932,0.236,1.0,2742.0
14,3,3-state,0.467,0.15,1.0,3244.0,1.267,0.03,1.0,3037.0,0.333,0.002,1.0,2320.0,0.058,0.015,1.0,3085.0,-2.873,0.248,1.0,3085.0
15,3,3-state,0.446,0.138,1.0,2638.0,1.301,0.033,1.0,2673.0,0.17,0.005,1.0,1930.0,0.057,0.014,1.0,2968.0,-2.895,0.237,1.0,2968.0
16,3,3-state,0.453,0.162,1.0,2995.0,1.141,0.025,1.0,2958.0,0.261,0.002,1.0,2197.0,0.052,0.012,1.0,2930.0,-2.974,0.227,1.0,2930.0
17,3,3-state,0.425,0.159,1.0,2790.0,1.483,0.033,1.0,2843.0,0.389,0.004,1.0,2243.0,0.049,0.011,1.0,2783.0,-3.042,0.225,1.0,2783.0
18,3,3-state,0.5,0.163,1.0,3278.0,1.235,0.029,1.0,3034.0,0.327,0.002,1.0,2114.0,0.059,0.014,1.0,3331.0,-2.867,0.242,1.0,3331.0
19,3,3-state,0.448,0.161,1.0,2844.0,1.469,0.033,1.0,2815.0,0.371,0.005,1.0,1760.0,0.051,0.012,1.0,2448.0,-2.996,0.233,1.0,2448.0
20,3,3-state,0.446,0.147,1.0,2916.0,1.097,0.026,1.0,3418.0,0.342,0.001,1.0,2276.0,0.061,0.015,1.0,3045.0,-2.835,0.247,1.0,3045.0
21,3,3-state,0.475,0.15,1.0,2702.0,1.361,0.03,1.0,3253.0,0.268,0.002,1.0,2665.0,0.053,0.013,1.0,3273.0,-2.967,0.236,1.0,3273.0
24,3,3-state,0.513,0.142,1.0,3081.0,1.415,0.033,1.0,2849.0,0.354,0.005,1.0,2111.0,0.065,0.016,1.0,3085.0,-2.771,0.253,1.0,3085.0
25,3,3-state,0.461,0.14,1.0,2557.0,1.449,0.033,1.0,2805.0,0.163,0.004,1.0,1992.0,0.058,0.014,1.0,2737.0,-2.872,0.242,1.0,2737.0
26,3,3-state,0.508,0.151,1.0,2913.0,1.128,0.027,1.0,3182.0,0.397,0.001,1.0,2054.0,0.062,0.015,1.0,3228.0,-2.815,0.243,1.0,3228.0
27,3,3-state,0.485,0.152,1.0,3440.0,1.34,0.031,1.0,3574.0,0.344,0.002,1.0,1846.0,0.062,0.015,1.0,3131.0,-2.818,0.245,1.0,3131.0
28,3,3-state,0.527,0.156,1.0,3004.0,1.127,0.028,1.0,3101.0,0.138,0.003,1.0,1558.0,0.062,0.015,1.0,3037.0,-2.818,0.247,1.0,3037.0
29,3,3-state,0.494,0.153,1.0,2827.0,1.183,0.029,1.0,3343.0,0.137,0.002,1.0,2361.0,0.06,0.015,1.0,3309.0,-2.842,0.246,1.0,3309.0
30,3,3-state,0.53,0.147,1.0,3213.0,1.608,0.037,1.0,2932.0,0.373,0.004,1.0,2717.0,0.064,0.016,1.0,3136.0,-2.785,0.252,1.0,3136.0
31,3,3-state,0.507,0.156,1.0,2822.0,1.488,0.037,1.0,2758.0,0.126,0.005,1.0,1995.0,0.061,0.015,1.0,2908.0,-2.832,0.245,1.0,2908.0
33,3,3-state,0.496,0.139,1.0,3080.0,1.224,0.03,1.0,3105.0,0.2,0.002,1.0,2224.0,0.059,0.014,1.0,3308.0,-2.861,0.241,1.0,3308.0
34,3,3-state,0.436,0.154,1.0,3184.0,1.327,0.029,1.0,3217.0,0.356,0.003,1.0,2186.0,0.052,0.012,1.0,2547.0,-2.982,0.232,1.0,2547.0
35,3,3-state,0.502,0.153,1.0,3281.0,1.286,0.031,1.0,3272.0,0.27,0.002,1.0,2094.0,0.061,0.015,1.0,3242.0,-2.831,0.248,1.0,3242.0
36,3,3-state,0.463,0.149,1.0,3094.0,1.286,0.028,1.0,2924.0,0.308,0.002,1.0,2242.0,0.052,0.012,1.0,2787.0,-2.975,0.221,1.0,2787.0
37,3,3-state,0.485,0.153,1.0,3152.0,1.377,0.034,1.0,3406.0,0.336,0.002,1.0,2252.0,0.06,0.015,1.0,3027.0,-2.838,0.245,1.0,3027.0
38,3,3-state,0.345,0.137,1.0,2434.0,1.23,0.027,1.0,2521.0,0.354,0.003,1.0,1950.0,0.047,0.011,1.0,2532.0,-3.084,0.225,1.0,2532.0
39,3,3-state,0.482,0.153,1.0,2814.0,1.389,0.031,1.0,3214.0,0.362,0.003,1.0,2300.0,0.059,0.014,1.0,3011.0,-2.862,0.234,1.0,3011.0
40,3,3-state,0.489,0.147,1.0,2748.0,1.621,0.036,1.0,2837.0,0.324,0.003,1.0,2092.0,0.05,0.011,1.0,3029.0,-3.011,0.224,1.0,3029.0
41,3,3-state,0.365,0.137,1.0,2512.0,1.316,0.03,1.0,3081.0,0.35,0.002,1.0,2408.0,0.054,0.013,1.0,3165.0,-2.952,0.246,1.0,3165.0
42,3,3-state,0.456,0.152,1.0,3223.0,1.195,0.029,1.0,2820.0,0.223,0.001,1.0,2376.0,0.055,0.013,1.0,2922.0,-2.929,0.229,1.0,2922.0
43,3,3-state,0.303,0.122,1.0,2616.0,1.308,0.029,1.0,2670.0,0.283,0.002,1.0,1889.0,0.051,0.012,1.0,2660.0,-2.995,0.235,1.0,2660.0
44,3,3-state,0.507,0.159,1.0,2473.0,1.445,0.035,1.0,2605.0,0.267,0.006,1.0,2126.0,0.057,0.014,1.0,2519.0,-2.886,0.241,1.0,2519.0
45,3,3-state,0.488,0.151,1.0,2909.0,1.257,0.031,1.0,2912.0,0.164,0.003,1.0,1924.0,0.058,0.014,1.0,2878.0,-2.884,0.241,1.0,2878.0
46,3,3-state,0.497,0.155,1.0,3186.0,1.403,0.034,1.0,3080.0,0.243,0.002,1.0,2236.0,0.057,0.014,1.0,3113.0,-2.889,0.236,1.0,3113.0
47,3,3-state,0.445,0.147,1.0,2762.0,1.435,0.033,1.0,3062.0,0.455,0.003,1.0,1982.0,0.057,0.014,1.0,3105.0,-2.893,0.244,1.0,3105.0
48,3,3-state,0.453,0.15,1.0,2960.0,1.374,0.033,1.0,3148.0,0.362,0.003,1.0,2179.0,0.057,0.014,1.0,3092.0,-2.897,0.243,1.0,3092.0
49,3,3-state,0.445,0.151,1.0,3391.0,1.443,0.034,1.0,3321.0,0.24,0.002,1.0,2437.0,0.055,0.013,1.0,3236.0,-2.933,0.238,1.0,3236.0
50,3,3-state,0.457,0.145,1.0,2806.0,1.229,0.028,1.0,3224.0,0.333,0.002,1.0,2086.0,0.053,0.012,1.0,2901.0,-2.955,0.228,1.0,2901.0
51,3,3-state,0.439,0.154,1.0,2611.0,1.452,0.033,1.0,2723.0,0.419,0.003,1.0,2212.0,0.051,0.012,1.0,3068.0,-3.009,0.226,1.0,3068.0
52,3,3-state,0.483,0.141,1.0,2897.0,1.26,0.03,1.0,2983.0,0.32,0.002,1.0,2444.0,0.058,0.014,1.0,2618.0,-2.874,0.236,1.0,2618.0
53,3,3-state,0.426,0.149,1.0,2798.0,1.491,0.032,1.0,2674.0,0.38,0.005,1.0,1851.0,0.052,0.012,1.0,2613.0,-2.976,0.227,1.0,2613.0
54,3,3-state,0.496,0.149,1.0,2799.0,1.216,0.028,1.0,3342.0,0.297,0.002,1.0,2140.0,0.057,0.014,1.0,3285.0,-2.888,0.237,1.0,3285.0
55,3,3-state,0.42,0.142,1.0,2829.0,1.287,0.028,1.0,2990.0,0.241,0.003,1.0,2015.0,0.055,0.013,1.0,2696.0,-2.932,0.233,1.0,2696.0
56,3,3-state,0.475,0.155,1.0,2688.0,1.531,0.035,1.0,2957.0,0.213,0.004,1.0,2383.0,0.053,0.012,1.0,2731.0,-2.961,0.232,1.0,2731.0
57,3,3-state,0.487,0.148,1.0,3069.0,1.317,0.031,1.0,2958.0,0.35,0.002,1.0,2268.0,0.057,0.013,1.0,3213.0,-2.899,0.237,1.0,3213.0
58,3,3-state,0.401,0.15,1.0,3055.0,1.289,0.03,1.0,2532.0,0.357,0.002,1.0,2253.0,0.054,0.013,1.0,2956.0,-2.942,0.242,1.0,2956.0
59,3,3-state,0.426,0.152,1.0,3056.0,1.41,0.032,1.0,2877.0,0.404,0.003,1.0,2694.0,0.056,0.014,1.0,3316.0,-2.906,0.247,1.0,3316.0
60,3,3-state,0.493,0.152,1.0,2928.0,1.283,0.029,1.0,2944.0,0.201,0.002,1.0,2112.0,0.062,0.015,1.0,3016.0,-2.816,0.243,1.0,3016.0
61,3,3-state,0.513,0.157,1.0,2955.0,1.212,0.028,1.0,2793.0,0.296,0.002,1.0,1853.0,0.061,0.015,1.0,2903.0,-2.828,0.239,1.0,2903.0
62,3,3-state,0.494,0.146,1.0,3032.0,1.101,0.027,1.0,3005.0,0.369,0.001,1.0,1905.0,0.062,0.016,1.0,2677.0,-2.809,0.247,1.0,2677.0
63,3,3-state,0.4,0.138,1.0,3226.0,1.41,0.033,1.0,2685.0,0.335,0.005,1.0,1440.0,0.055,0.013,1.0,2860.0,-2.924,0.237,1.0,2860.0
64,3,3-state,0.452,0.149,1.0,3280.0,1.329,0.034,1.0,2866.0,0.171,0.005,1.0,2080.0,0.054,0.013,1.0,3109.0,-2.952,0.236,1.0,3109.0
65,3,3-state,0.461,0.151,1.0,3455.0,1.185,0.028,1.0,2933.0,0.353,0.002,1.0,2014.0,0.055,0.013,1.0,3041.0,-2.922,0.227,1.0,3041.0
66,3,3-state,0.466,0.143,1.0,3321.0,1.48,0.033,1.0,2957.0,0.321,0.003,1.0,2347.0,0.06,0.015,1.0,2801.0,-2.842,0.243,1.0,2801.0
67,3,3-state,0.415,0.154,1.0,3165.0,1.425,0.032,1.0,2867.0,0.31,0.004,1.0,2125.0,0.052,0.012,1.0,2811.0,-2.983,0.236,1.0,2811.0
68,3,3-state,0.149,0.119,1.0,868.0,1.162,0.031,1.0,1235.0,0.159,0.004,1.0,1244.0,0.038,0.01,1.0,1361.0,-3.314,0.268,1.0,1361.0
69,3,3-state,0.502,0.151,1.0,2865.0,1.321,0.032,1.0,2977.0,0.132,0.003,1.0,2081.0,0.058,0.014,1.0,3039.0,-2.868,0.24,1.0,3039.0
70,3,3-state,0.489,0.155,1.0,3078.0,1.19,0.028,1.0,3322.0,0.193,0.002,1.0,2215.0,0.06,0.015,1.0,3248.0,-2.847,0.245,1.0,3248.0
71,3,3-state,0.407,0.155,1.0,3067.0,1.051,0.025,1.0,3130.0,0.261,0.001,1.0,1869.0,0.051,0.012,1.0,2855.0,-3.002,0.232,1.0,2855.0
72,3,3-state,0.447,0.148,1.0,3169.0,1.327,0.032,1.0,2931.0,0.333,0.003,1.0,2405.0,0.054,0.012,1.0,2651.0,-2.949,0.229,1.0,2651.0
73,3,3-state,0.475,0.168,1.0,2601.0,1.405,0.035,1.0,2517.0,0.331,0.008,1.0,2126.0,0.053,0.012,1.0,2099.0,-2.963,0.227,1.0,2099.0
74,3,3-state,0.513,0.153,1.0,2807.0,1.185,0.028,1.0,2587.0,0.355,0.002,1.0,1853.0,0.065,0.017,1.0,2779.0,-2.765,0.255,1.0,2779.0
75,3,3-state,0.484,0.155,1.0,2871.0,1.305,0.03,1.0,3102.0,0.276,0.003,1.0,1767.0,0.055,0.013,1.0,2744.0,-2.934,0.238,1.0,2744.0
76,3,3-state,0.277,0.11,1.0,2330.0,1.076,0.024,1.0,2764.0,0.314,0.002,1.0,2322.0,0.05,0.012,1.0,2739.0,-3.031,0.242,1.0,2739.0
77,3,3-state,0.52,0.155,1.0,2573.0,1.563,0.036,1.0,2981.0,0.209,0.003,1.0,2318.0,0.057,0.014,1.0,2990.0,-2.886,0.242,1.0,2990.0
78,3,3-state,0.518,0.138,1.0,2685.0,1.546,0.037,1.0,2875.0,0.218,0.003,1.0,2368.0,0.062,0.016,1.0,2717.0,-2.817,0.255,1.0,2717.0
79,3,3-state,0.41,0.155,1.0,2793.0,1.442,0.032,1.0,2777.0,0.246,0.004,1.0,1699.0,0.053,0.013,1.0,3214.0,-2.961,0.234,1.0,3214.0
80,3,3-state,0.47,0.161,1.0,2507.0,1.354,0.031,1.0,2514.0,0.364,0.003,1.0,2282.0,0.053,0.012,1.0,2537.0,-2.963,0.232,1.0,2538.0
81,3,3-state,0.505,0.153,1.0,2878.0,1.088,0.026,1.0,2853.0,0.223,0.002,1.0,1758.0,0.061,0.016,1.0,2808.0,-2.832,0.25,1.0,2808.0
82,3,3-state,0.495,0.149,1.0,2856.0,1.375,0.032,1.0,2935.0,0.132,0.004,1.0,2355.0,0.061,0.015,1.0,3242.0,-2.823,0.242,1.0,3242.0
83,3,3-state,0.308,0.123,1.0,2120.0,1.143,0.026,1.0,2621.0,0.291,0.001,1.0,1951.0,0.05,0.012,1.0,2120.0,-3.025,0.233,1.0,2120.0
84,3,3-state,0.533,0.147,1.0,2826.0,1.522,0.037,1.0,2740.0,0.149,0.004,1.0,2256.0,0.064,0.016,1.0,3022.0,-2.782,0.251,1.0,3022.0
85,3,3-state,0.406,0.143,1.0,2798.0,1.382,0.032,1.0,3258.0,0.407,0.003,1.0,2444.0,0.053,0.013,1.0,2913.0,-2.969,0.236,1.0,2913.0
86,3,3-state,0.484,0.155,1.0,2347.0,1.651,0.037,1.0,2514.0,0.348,0.005,1.0,1947.0,0.059,0.014,1.0,2648.0,-2.858,0.239,1.0,2648.0
87,3,3-state,0.423,0.151,1.0,2836.0,1.463,0.034,1.0,3150.0,0.36,0.003,1.0,2166.0,0.055,0.013,1.0,3491.0,-2.932,0.239,1.0,3491.0
88,3,3-state,0.465,0.152,1.0,3168.0,1.474,0.034,1.0,2826.0,0.343,0.003,1.0,2159.0,0.058,0.014,1.0,3059.0,-2.88,0.236,1.0,3059.0
89,3,3-state,0.475,0.151,1.0,3330.0,1.199,0.029,1.0,3280.0,0.358,0.001,1.0,2567.0,0.06,0.015,1.0,3131.0,-2.845,0.25,1.0,3131.0
90,3,3-state,0.479,0.147,1.0,3017.0,1.099,0.028,1.0,3137.0,0.239,0.001,1.0,2019.0,0.062,0.016,1.0,2670.0,-2.815,0.252,1.0,2670.0
91,3,3-state,0.491,0.16,1.0,2641.0,1.298,0.032,1.0,2793.0,0.132,0.004,1.0,2207.0,0.059,0.015,1.0,3322.0,-2.856,0.244,1.0,3322.0
93,3,3-state,0.434,0.154,1.0,2579.0,1.177,0.027,1.0,2715.0,0.335,0.003,1.0,2104.0,0.053,0.012,1.0,2798.0,-2.965,0.23,1.0,2798.0
94,3,3-state,0.4,0.137,1.0,2745.0,1.192,0.026,1.0,2437.0,0.312,0.002,1.0,2441.0,0.054,0.012,1.0,2724.0,-2.944,0.229,1.0,2724.0
95,3,3-state,0.434,0.143,1.0,3314.0,1.352,0.03,1.0,2722.0,0.304,0.002,1.0,2080.0,0.052,0.011,1.0,2903.0,-2.971,0.214,1.0,2903.0
96,3,3-state,0.433,0.142,1.0,2361.0,1.155,0.028,1.0,2866.0,0.279,0.002,1.0,2000.0,0.059,0.015,1.0,2966.0,-2.853,0.243,1.0,2966.0
97,3,3-state,0.466,0.155,1.0,3253.0,1.042,0.025,1.0,3403.0,0.235,0.001,1.0,2569.0,0.056,0.013,1.0,3342.0,-2.907,0.231,1.0,3342.0
98,3,3-state,0.472,0.149,1.0,2961.0,1.251,0.03,1.0,2755.0,0.31,0.002,1.0,2433.0,0.056,0.014,1.0,2891.0,-2.917,0.241,1.0,2891.0
99,3,3-state,0.429,0.151,1.0,2635.0,1.594,0.037,1.0,2915.0,0.229,0.003,1.0,1922.0,0.057,0.014,1.0,2893.0,-2.895,0.235,1.0,2893.0
100,3,3-state,0.416,0.149,1.0,2778.0,1.213,0.029,1.0,3285.0,0.371,0.002,1.0,2571.0,0.053,0.013,1.0,2952.0,-2.964,0.239,1.0,2952.0
101,3,3-state,0.458,0.154,1.0,2797.0,1.477,0.034,1.0,3043.0,0.357,0.003,1.0,2187.0,0.052,0.012,1.0,2856.0,-2.984,0.235,1.0,2856.0
102,3,3-state,0.388,0.144,1.0,2619.0,1.263,0.03,1.0,2468.0,0.179,0.003,1.0,1790.0,0.053,0.012,1.0,2651.0,-2.971,0.221,1.0,2651.0
103,3,3-state,0.531,0.145,1.0,2598.0,1.255,0.03,1.0,2909.0,0.335,0.002,1.0,2111.0,0.067,0.017,1.0,2707.0,-2.739,0.256,1.0,2707.0
104,3,3-state,0.491,0.151,1.0,3382.0,1.57,0.036,1.0,3112.0,0.24,0.003,1.0,2345.0,0.059,0.015,1.0,3290.0,-2.862,0.248,1.0,3290.0
105,3,3-state,0.431,0.159,1.0,2401.0,1.228,0.027,1.0,2534.0,0.336,0.003,1.0,1798.0,0.051,0.012,1.0,2518.0,-2.996,0.224,1.0,2518.0
106,3,3-state,0.408,0.153,1.0,3190.0,1.103,0.025,1.0,3242.0,0.388,0.002,1.0,2295.0,0.054,0.013,1.0,2799.0,-2.949,0.237,1.0,2799.0
107,3,3-state,0.196,0.071,1.0,1600.0,1.101,0.027,1.0,2011.0,0.331,0.001,1.0,1654.0,0.051,0.013,1.0,2686.0,-3.001,0.254,1.0,2686.0
108,3,3-state,0.501,0.151,1.0,3298.0,1.279,0.031,1.0,2850.0,0.368,0.002,1.0,2159.0,0.061,0.015,1.0,3211.0,-2.82,0.243,1.0,3211.0
0,4,4-state,0.469,0.15,1.0,2870.0,1.318,0.03,1.0,2624.0,0.381,0.002,1.0,2333.0,0.057,0.013,1.0,2952.0,-2.888,0.232,1.0,2952.0
1,4,4-state,0.449,0.15,1.0,3149.0,1.453,0.034,1.0,2827.0,0.4,0.002,1.0,2465.0,0.053,0.013,1.0,3173.0,-2.96,0.234,1.0,3173.0
2,4,4-state,0.458,0.141,1.0,2872.0,1.467,0.032,1.0,2961.0,0.38,0.003,1.0,2045.0,0.062,0.015,1.0,2823.0,-2.813,0.246,1.0,2823.0
3,4,4-state,0.44,0.153,1.0,2595.0,1.154,0.027,1.0,2973.0,0.369,0.002,1.0,2164.0,0.053,0.012,1.0,3000.0,-2.955,0.227,1.0,3000.0
4,4,4-state,0.483,0.148,1.0,3130.0,1.196,0.029,1.0,3177.0,0.3,0.001,1.0,2015.0,0.058,0.014,1.0,2981.0,-2.872,0.238,1.0,2981.0
5,4,4-state,0.481,0.144,1.0,3030.0,1.404,0.032,1.0,3207.0,0.365,0.003,1.0,2156.0,0.055,0.013,1.0,2913.0,-2.928,0.235,1.0,2913.0
6,4,4-state,0.44,0.152,1.0,3501.0,1.281,0.03,1.0,2928.0,0.329,0.002,1.0,2044.0,0.054,0.013,1.0,3303.0,-2.945,0.231,1.0,3303.0
7,4,4-state,0.344,0.112,1.0,2069.0,1.204,0.024,1.0,2511.0,0.274,0.002,1.0,1666.0,0.049,0.011,1.0,2400.0,-3.031,0.211,1.0,2400.0
8,4,4-state,0.467,0.159,1.0,2901.0,1.294,0.029,1.0,3012.0,0.326,0.003,1.0,2057.0,0.057,0.013,1.0,2370.0,-2.899,0.235,1.0,2370.0
9,4,4-state,0.483,0.16,1.0,2829.0,1.473,0.034,1.0,2959.0,0.147,0.004,1.0,2235.0,0.055,0.013,1.0,2582.0,-2.928,0.238,1.0,2582.0
10,4,4-state,0.457,0.157,1.0,2758.0,1.453,0.035,1.0,2866.0,0.131,0.004,1.0,1897.0,0.054,0.013,1.0,2637.0,-2.945,0.234,1.0,2637.0
11,4,4-state,0.486,0.143,1.0,3297.0,1.198,0.03,1.0,3004.0,0.214,0.001,1.0,2131.0,0.06,0.015,1.0,2874.0,-2.84,0.244,1.0,2874.0
12,4,4-state,0.465,0.154,1.0,3094.0,1.46,0.033,1.0,2972.0,0.442,0.003,1.0,2357.0,0.057,0.014,1.0,2847.0,-2.893,0.247,1.0,2847.0
13,4,4-state,0.408,0.138,1.0,2399.0,1.379,0.031,1.0,2832.0,0.3,0.003,1.0,2450.0,0.055,0.013,1.0,2720.0,-2.921,0.236,1.0,2720.0
14,4,4-state,0.477,0.157,1.0,2668.0,1.425,0.033,1.0,2861.0,0.253,0.003,1.0,1839.0,0.057,0.014,1.0,2878.0,-2.887,0.245,1.0,2878.0
15,4,4-state,0.459,0.149,1.0,2980.0,1.313,0.033,1.0,3318.0,0.227,0.004,1.0,1839.0,0.062,0.016,1.0,2916.0,-2.807,0.246,1.0,2916.0
16,4,4-state,0.488,0.154,1.0,3511.0,1.327,0.032,1.0,3584.0,0.234,0.002,1.0,2138.0,0.06,0.015,1.0,3206.0,-2.848,0.246,1.0,3206.0
17,4,4-state,0.442,0.149,1.0,2899.0,1.05,0.024,1.0,2794.0,0.338,0.002,1.0,1896.0,0.053,0.012,1.0,2619.0,-2.966,0.224,1.0,2619.0
18,4,4-state,0.429,0.151,1.0,2933.0,1.508,0.035,1.0,2784.0,0.178,0.003,1.0,2125.0,0.054,0.013,1.0,2504.0,-2.948,0.237,1.0,2504.0
19,4,4-state,0.463,0.148,1.0,3206.0,1.46,0.036,1.0,2787.0,0.162,0.003,1.0,2309.0,0.061,0.015,1.0,2912.0,-2.834,0.251,1.0,2912.0
20,4,4-state,0.393,0.145,1.0,3402.0,1.399,0.03,1.0,3204.0,0.373,0.004,1.0,1679.0,0.052,0.013,1.0,2694.0,-2.977,0.238,1.0,2694.0
21,4,4-state,0.438,0.146,1.0,2760.0,1.409,0.031,1.0,2607.0,0.364,0.003,1.0,1986.0,0.052,0.012,1.0,2715.0,-2.977,0.223,1.0,2715.0
22,4,4-state,0.445,0.15,1.0,2892.0,1.48,0.034,1.0,2105.0,0.327,0.003,1.0,2201.0,0.057,0.014,1.0,2786.0,-2.887,0.239,1.0,2786.0
23,4,4-state,0.47,0.148,1.0,2875.0,1.195,0.028,1.0,3027.0,0.364,0.002,1.0,2087.0,0.059,0.015,1.0,3222.0,-2.865,0.251,1.0,3222.0
24,4,4-state,0.403,0.142,1.0,2859.0,1.591,0.036,1.0,2409.0,0.426,0.006,1.0,1978.0,0.057,0.014,1.0,2609.0,-2.889,0.24,1.0,2609.0
26,4,4-state,0.45,0.15,1.0,2886.0,1.392,0.034,1.0,2928.0,0.237,0.002,1.0,1849.0,0.057,0.014,1.0,2875.0,-2.899,0.247,1.0,2875.0
27,4,4-state,0.479,0.156,1.0,3106.0,1.121,0.026,1.0,3375.0,0.305,0.002,1.0,2340.0,0.055,0.013,1.0,3352.0,-2.927,0.235,1.0,3352.0
28,4,4-state,0.465,0.148,1.0,2521.0,1.06,0.026,1.0,2591.0,0.133,0.002,1.0,2193.0,0.056,0.013,1.0,2650.0,-2.918,0.232,1.0,2650.0
29,4,4-state,0.489,0.155,1.0,2889.0,1.337,0.031,1.0,2724.0,0.381,0.002,1.0,2207.0,0.053,0.012,1.0,2919.0,-2.957,0.232,1.0,2919.0
30,4,4-state,0.417,0.155,1.0,2879.0,1.542,0.035,1.0,2437.0,0.233,0.003,1.0,1771.0,0.051,0.012,1.0,2806.0,-3.004,0.228,1.0,2806.0
31,4,4-state,0.46,0.146,1.0,3360.0,1.294,0.029,1.0,2847.0,0.391,0.004,1.0,1954.0,0.06,0.015,1.0,3046.0,-2.842,0.244,1.0,3046.0
32,4,4-state,0.527,0.149,1.0,2852.0,1.237,0.031,1.0,2733.0,0.312,0.002,1.0,2125.0,0.058,0.014,1.0,2995.0,-2.883,0.242,1.0,2995.0
33,4,4-state,0.448,0.148,1.0,2926.0,1.567,0.036,1.0,3195.0,0.202,0.004,1.0,2425.0,0.055,0.013,1.0,2753.0,-2.931,0.231,1.0,2753.0
34,4,4-state,0.441,0.148,1.0,2793.0,1.169,0.027,1.0,3140.0,0.338,0.002,1.0,2495.0,0.053,0.012,1.0,2520.0,-2.96,0.23,1.0,2520.0
35,4,4-state,0.46,0.157,1.0,2948.0,1.34,0.032,1.0,3149.0,0.401,0.002,1.0,2440.0,0.055,0.013,1.0,3493.0,-2.929,0.238,1.0,3493.0
36,4,4-state,0.435,0.144,1.0,2954.0,1.261,0.029,1.0,3013.0,0.242,0.002,1.0,1923.0,0.058,0.014,1.0,2994.0,-2.878,0.244,1.0,2994.0
37,4,4-state,0.427,0.143,1.0,2994.0,1.35,0.03,1.0,3102.0,0.407,0.003,1.0,1967.0,0.056,0.013,1.0,3136.0,-2.917,0.237,1.0,3136.0
38,4,4-state,0.479,0.152,1.0,2774.0,1.407,0.033,1.0,2725.0,0.264,0.002,1.0,2334.0,0.06,0.015,1.0,3165.0,-2.837,0.242,1.0,3165.0
39,4,4-state,0.462,0.15,1.0,2900.0,1.119,0.027,1.0,2846.0,0.218,0.002,1.0,2515.0,0.057,0.014,1.0,2849.0,-2.89,0.238,1.0,2849.0
40,4,4-state,0.488,0.152,1.0,2625.0,1.279,0.029,1.0,2548.0,0.417,0.002,1.0,2639.0,0.061,0.015,1.0,3200.0,-2.82,0.245,1.0,3200.0
41,4,4-state,0.479,0.153,1.0,3062.0,1.226,0.027,1.0,3359.0,0.332,0.003,1.0,1921.0,0.056,0.013,1.0,2705.0,-2.911,0.234,1.0,2705.0
44,4,4-state,0.482,0.147,1.0,2872.0,1.36,0.032,1.0,2833.0,0.225,0.004,1.0,1742.0,0.06,0.015,1.0,2751.0,-2.844,0.242,1.0,2751.0
45,4,4-state,0.477,0.144,1.0,3579.0,1.642,0.04,1.0,3451.0,0.132,0.007,1.0,3527.0,0.06,0.015,1.0,3505.0,-2.85,0.245,1.0,3505.0
48,4,4-state,0.533,0.149,1.0,2640.0,0.874,0.021,1.0,3162.0,0.353,0.001,1.0,2145.0,0.067,0.017,1.0,2451.0,-2.736,0.255,1.0,2451.0
49,4,4-state,0.409,0.153,1.0,3262.0,1.173,0.027,1.0,2814.0,0.288,0.003,1.0,1968.0,0.052,0.012,1.0,2989.0,-2.987,0.23,1.0,2989.0
50,4,4-state,0.532,0.152,1.0,2876.0,1.22,0.03,1.0,3007.0,0.203,0.004,1.0,1983.0,0.063,0.016,1.0,2993.0,-2.791,0.249,1.0,2993.0
51,4,4-state,0.482,0.151,1.0,2968.0,1.44,0.034,1.0,2944.0,0.14,0.003,1.0,1993.0,0.06,0.015,1.0,2627.0,-2.843,0.244,1.0,2627.0
53,4,4-state,0.472,0.148,1.0,2801.0,1.585,0.037,1.0,2682.0,0.2,0.005,1.0,1898.0,0.058,0.014,1.01,3059.0,-2.875,0.235,1.01,3059.0
54,4,4-state,0.449,0.15,1.0,2806.0,1.644,0.039,1.0,2824.0,0.16,0.004,1.0,1921.0,0.055,0.013,1.0,3012.0,-2.934,0.237,1.0,3012.0
55,4,4-state,0.387,0.129,1.0,1948.0,0.904,0.021,1.01,2125.0,0.255,0.001,1.0,1931.0,0.054,0.012,1.0,2418.0,-2.952,0.231,1.0,2418.0
56,4,4-state,0.486,0.148,1.0,2925.0,1.387,0.033,1.0,2366.0,0.196,0.004,1.0,1379.0,0.059,0.014,1.0,2964.0,-2.858,0.238,1.0,2964.0
58,4,4-state,0.513,0.15,1.0,2944.0,1.183,0.028,1.0,3141.0,0.185,0.002,1.0,2332.0,0.061,0.015,1.0,3014.0,-2.826,0.246,1.0,3014.0
59,4,4-state,0.504,0.138,1.0,2925.0,1.352,0.031,1.0,2873.0,0.24,0.003,1.0,2633.0,0.061,0.015,1.0,2980.0,-2.82,0.243,1.0,2980.0
60,4,4-state,0.492,0.156,1.0,2985.0,1.304,0.031,1.0,3239.0,0.188,0.003,1.0,2498.0,0.06,0.015,1.0,2683.0,-2.847,0.247,1.0,2683.0
61,4,4-state,0.469,0.145,1.0,3159.0,1.449,0.033,1.0,3076.0,0.236,0.003,1.0,2070.0,0.059,0.015,1.0,2760.0,-2.864,0.248,1.0,2760.0
62,4,4-state,0.47,0.145,1.0,3538.0,1.581,0.034,1.0,3120.0,0.415,0.003,1.01,1883.0,0.052,0.012,1.0,3215.0,-2.976,0.227,1.0,3215.0
63,4,4-state,0.517,0.149,1.0,3171.0,1.258,0.03,1.0,3113.0,0.206,0.002,1.0,2263.0,0.061,0.015,1.0,2999.0,-2.828,0.25,1.0,2999.0
64,4,4-state,0.355,0.127,1.0,2167.0,1.063,0.026,1.0,2836.0,0.234,0.001,1.0,2158.0,0.053,0.013,1.0,2357.0,-2.957,0.239,1.0,2357.0
65,4,4-state,0.461,0.15,1.0,2942.0,1.31,0.03,1.0,2928.0,0.339,0.003,1.0,2220.0,0.056,0.013,1.0,3123.0,-2.903,0.237,1.0,3123.0
66,4,4-state,0.5,0.159,1.0,3196.0,1.335,0.03,1.0,2652.0,0.326,0.004,1.0,1758.0,0.053,0.012,1.0,2713.0,-2.958,0.225,1.0,2713.0
67,4,4-state,0.478,0.149,1.0,3124.0,1.184,0.028,1.0,2928.0,0.368,0.002,1.0,2441.0,0.058,0.014,1.0,3009.0,-2.875,0.244,1.0,3009.0
68,4,4-state,0.478,0.141,1.0,3007.0,1.622,0.037,1.0,2500.0,0.311,0.004,1.0,1997.0,0.066,0.017,1.0,2851.0,-2.747,0.252,1.0,2851.0
69,4,4-state,0.353,0.146,1.0,2274.0,1.276,0.029,1.0,2027.0,0.225,0.002,1.0,1845.0,0.05,0.012,1.0,2397.0,-3.016,0.225,1.0,2397.0
70,4,4-state,0.442,0.141,1.0,2915.0,1.373,0.031,1.0,3100.0,0.392,0.003,1.0,2288.0,0.057,0.014,1.0,2901.0,-2.886,0.242,1.0,2901.0
71,4,4-state,0.509,0.155,1.0,3175.0,1.185,0.027,1.0,2567.0,0.25,0.002,1.0,1903.0,0.057,0.014,1.0,3121.0,-2.901,0.241,1.0,3121.0
72,4,4-state,0.339,0.139,1.0,3048.0,1.624,0.037,1.0,2641.0,0.325,0.009,1.0,2760.0,0.051,0.012,1.0,2836.0,-2.993,0.23,1.0,2836.0
73,4,4-state,0.481,0.146,1.0,3473.0,1.353,0.031,1.0,2753.0,0.408,0.002,1.0,1952.0,0.061,0.015,1.0,3032.0,-2.831,0.249,1.0,3032.0
74,4,4-state,0.467,0.154,1.0,3042.0,1.202,0.029,1.0,3358.0,0.327,0.002,1.0,1727.0,0.056,0.014,1.0,2755.0,-2.904,0.244,1.0,2755.0
75,4,4-state,0.415,0.143,1.0,2532.0,1.395,0.033,1.0,2447.0,0.288,0.006,1.0,1339.0,0.053,0.013,1.0,2585.0,-2.957,0.236,1.0,2585.0
76,4,4-state,0.46,0.152,1.0,3248.0,1.147,0.026,1.0,3374.0,0.344,0.002,1.0,2217.0,0.058,0.014,1.0,3268.0,-2.883,0.241,1.0,3268.0
77,4,4-state,0.417,0.154,1.0,2760.0,1.499,0.033,1.0,3175.0,0.326,0.003,1.0,2261.0,0.053,0.013,1.0,2967.0,-2.967,0.236,1.0,2967.0
78,4,4-state,0.393,0.137,1.0,2800.0,1.278,0.031,1.0,2746.0,0.13,0.004,1.0,2282.0,0.057,0.014,1.0,2836.0,-2.887,0.246,1.0,2836.0
79,4,4-state,0.474,0.15,1.0,2751.0,1.324,0.031,1.0,3174.0,0.421,0.002,1.0,2497.0,0.061,0.015,1.0,2602.0,-2.831,0.245,1.0,2602.0
80,4,4-state,0.424,0.135,1.0,2516.0,1.355,0.032,1.0,2268.0,0.234,0.005,1.0,1690.0,0.057,0.013,1.0,2439.0,-2.892,0.231,1.0,2439.0
81,4,4-state,0.491,0.161,1.0,2571.0,1.128,0.026,1.0,3324.0,0.293,0.002,1.0,2203.0,0.055,0.013,1.0,3336.0,-2.93,0.229,1.0,3336.0
82,4,4-state,0.492,0.16,1.0,2921.0,1.406,0.031,1.0,2668.0,0.347,0.003,1.0,1720.0,0.053,0.012,1.0,2986.0,-2.965,0.233,1.0,2986.0
83,4,4-state,0.495,0.151,1.0,2715.0,1.218,0.029,1.0,2826.0,0.158,0.003,1.0,1864.0,0.06,0.015,1.0,2933.0,-2.842,0.247,1.0,2933.0
84,4,4-state,0.17,0.082,1.0,1985.0,1.13,0.03,1.0,2023.0,0.236,0.005,1.0,1656.0,0.048,0.012,1.0,2167.0,-3.058,0.245,1.0,2167.0
85,4,4-state,0.458,0.152,1.0,3408.0,1.255,0.03,1.0,3103.0,0.411,0.002,1.0,2772.0,0.058,0.014,1.0,3202.0,-2.881,0.238,1.0,3202.0
86,4,4-state,0.488,0.142,1.0,3146.0,1.2,0.028,1.0,3047.0,0.164,0.002,1.0,1589.0,0.059,0.014,1.0,2605.0,-2.864,0.243,1.0,2605.0
87,4,4-state,0.419,0.151,1.0,3187.0,1.17,0.026,1.0,3109.0,0.374,0.002,1.0,2232.0,0.054,0.013,1.0,3158.0,-2.955,0.233,1.0,3158.0
88,4,4-state,0.421,0.15,1.0,3227.0,1.369,0.031,1.0,2751.0,0.313,0.003,1.0,1693.0,0.055,0.013,1.0,3129.0,-2.925,0.24,1.0,3129.0
89,4,4-state,0.498,0.144,1.0,3202.0,1.42,0.034,1.0,3185.0,0.154,0.006,1.0,2672.0,0.059,0.015,1.0,2976.0,-2.861,0.244,1.0,2976.0
90,4,4-state,0.459,0.157,1.0,2517.0,1.29,0.031,1.0,2879.0,0.211,0.003,1.0,1919.0,0.056,0.013,1.0,2965.0,-2.901,0.234,1.0,2965.0
91,4,4-state,0.483,0.147,1.0,2995.0,1.108,0.026,1.0,2674.0,0.23,0.002,1.0,2360.0,0.058,0.014,1.0,3149.0,-2.876,0.241,1.0,3149.0
92,4,4-state,0.654,0.139,1.0,2356.0,1.16,0.027,1.0,2667.0,0.251,0.003,1.0,1991.0,0.058,0.014,1.0,2613.0,-2.877,0.234,1.0,2613.0
93,4,4-state,0.488,0.148,1.0,3165.0,1.28,0.03,1.0,2871.0,0.217,0.004,1.0,1842.0,0.058,0.014,1.0,3253.0,-2.87,0.232,1.0,3253.0
94,4,4-state,0.435,0.142,1.0,2655.0,1.25,0.028,1.0,3046.0,0.233,0.002,1.01,2108.0,0.058,0.014,1.0,3033.0,-2.882,0.239,1.0,3033.0
95,4,4-state,0.546,0.155,1.0,2752.0,1.294,0.03,1.0,2395.0,0.198,0.005,1.0,1607.0,0.048,0.01,1.0,2573.0,-3.054,0.215,1.0,2573.0
96,4,4-state,0.356,0.125,1.0,2197.0,1.323,0.031,1.0,2517.0,0.221,0.003,1.0,1767.0,0.055,0.013,1.0,2426.0,-2.933,0.24,1.0,2426.0
97,4,4-state,0.42,0.15,1.0,2935.0,1.423,0.033,1.0,1902.0,0.318,0.005,1.0,1616.0,0.053,0.013,1.0,2618.0,-2.972,0.235,1.0,2618.0
98,4,4-state,0.482,0.146,1.0,3017.0,1.532,0.036,1.0,3125.0,0.166,0.004,1.0,2434.0,0.061,0.015,1.0,3088.0,-2.832,0.242,1.0,3088.0
99,4,4-state,0.451,0.152,1.0,2993.0,1.203,0.028,1.0,2745.0,0.348,0.003,1.0,2419.0,0.058,0.014,1.0,2801.0,-2.885,0.247,1.0,2801.0
100,4,4-state,0.53,0.146,1.0,3235.0,1.457,0.034,1.0,2849.0,0.341,0.004,1.0,2155.0,0.066,0.016,1.0,3206.0,-2.745,0.247,1.0,3206.0
101,4,4-state,0.394,0.154,1.0,2547.0,1.396,0.034,1.0,2937.0,0.294,0.007,1.0,2356.0,0.05,0.012,1.0,2871.0,-3.02,0.234,1.0,2871.0
102,4,4-state,0.421,0.149,1.0,3331.0,1.197,0.028,1.0,2906.0,0.347,0.002,1.0,2260.0,0.054,0.013,1.0,3334.0,-2.952,0.238,1.0,3334.0
103,4,4-state,0.519,0.148,1.0,2972.0,1.327,0.032,1.0,3040.0,0.219,0.003,1.0,1947.0,0.064,0.016,1.0,2938.0,-2.783,0.244,1.0,2938.0
104,4,4-state,0.495,0.152,1.0,3694.0,1.22,0.027,1.0,3203.0,0.361,0.002,1.0,2600.0,0.058,0.014,1.0,2876.0,-2.872,0.243,1.0,2876.0
105,4,4-state,0.558,0.153,1.0,3426.0,1.259,0.031,1.0,3476.0,0.136,0.002,1.0,1696.0,0.066,0.017,1.0,2993.0,-2.752,0.256,1.0,2993.0
106,4,4-state,0.465,0.15,1.0,2970.0,1.002,0.024,1.0,2896.0,0.317,0.001,1.0,2579.0,0.059,0.014,1.0,3216.0,-2.866,0.238,1.0,3216.0
107,4,4-state,0.477,0.15,1.0,2775.0,1.203,0.028,1.0,2984.0,0.313,0.002,1.0,2841.0,0.059,0.014,1.0,2828.0,-2.863,0.238,1.0,2828.0
0,5,5-state,0.417,0.15,1.0,2727.0,1.474,0.034,1.0,2457.0,0.331,0.007,1.0,1527.0,0.052,0.012,1.0,2957.0,-2.976,0.23,1.0,2957.0
1,5,5-state,0.487,0.148,1.0,2880.0,1.579,0.035,1.0,3110.0,0.276,0.004,1.0,1982.0,0.058,0.014,1.0,2608.0,-2.871,0.231,1.0,2608.0
2,5,5-state,0.411,0.166,1.01,3354.0,1.634,0.036,1.0,3409.0,0.379,0.006,1.0,1500.0,0.048,0.011,1.0,2820.0,-3.055,0.226,1.0,2820.0
3,5,5-state,0.431,0.148,1.0,2899.0,1.19,0.028,1.0,3151.0,0.374,0.002,1.0,2206.0,0.055,0.013,1.0,3287.0,-2.927,0.233,1.0,3287.0
4,5,5-state,0.446,0.148,1.0,3339.0,1.149,0.027,1.0,3370.0,0.312,0.002,1.0,2520.0,0.056,0.014,1.0,3496.0,-2.907,0.239,1.0,3496.0
5,5,5-state,0.467,0.151,1.0,2649.0,1.444,0.035,1.0,2824.0,0.244,0.002,1.0,2340.0,0.059,0.015,1.0,3185.0,-2.866,0.243,1.0,3185.0
6,5,5-state,0.476,0.151,1.0,3378.0,1.599,0.036,1.0,3125.0,0.245,0.003,1.0,2019.0,0.055,0.013,1.0,3440.0,-2.932,0.233,1.0,3440.0
7,5,5-state,0.467,0.161,1.0,2989.0,1.496,0.034,1.0,2823.0,0.288,0.004,1.0,1261.0,0.057,0.014,1.0,2648.0,-2.891,0.239,1.0,2648.0
8,5,5-state,0.48,0.145,1.0,2700.0,1.521,0.037,1.0,2451.0,0.134,0.004,1.0,1643.0,0.058,0.014,1.0,2636.0,-2.875,0.237,1.0,2636.0
10,5,5-state,0.486,0.158,1.0,3194.0,1.478,0.032,1.0,2966.0,0.342,0.003,1.0,2374.0,0.054,0.013,1.0,3126.0,-2.954,0.238,1.0,3126.0
12,5,5-state,0.491,0.147,1.0,2968.0,1.325,0.03,1.0,3167.0,0.23,0.002,1.0,2813.0,0.059,0.015,1.0,3256.0,-2.854,0.243,1.0,3256.0
13,5,5-state,0.477,0.142,1.0,3121.0,1.363,0.033,1.0,3008.0,0.299,0.002,1.0,2786.0,0.059,0.015,1.0,3084.0,-2.867,0.249,1.0,3084.0
14,5,5-state,0.482,0.154,1.0,2823.0,1.198,0.029,1.0,2897.0,0.39,0.002,1.0,2379.0,0.055,0.013,1.0,3307.0,-2.922,0.237,1.0,3307.0
15,5,5-state,0.542,0.148,1.0,3071.0,1.239,0.029,1.0,3477.0,0.246,0.002,1.0,1959.0,0.063,0.016,1.0,3052.0,-2.795,0.246,1.0,3052.0
16,5,5-state,0.437,0.151,1.0,3031.0,1.684,0.038,1.0,2298.0,0.288,0.004,1.0,1792.0,0.056,0.014,1.0,2552.0,-2.92,0.241,1.0,2552.0
17,5,5-state,0.449,0.155,1.0,3003.0,1.238,0.029,1.0,2758.0,0.347,0.002,1.0,2216.0,0.056,0.014,1.0,3003.0,-2.905,0.243,1.0,3003.0
18,5,5-state,0.454,0.148,1.0,2986.0,1.648,0.036,1.0,3060.0,0.51,0.004,1.0,1533.0,0.055,0.013,1.0,2911.0,-2.926,0.232,1.0,2911.0
19,5,5-state,0.462,0.155,1.0,3251.0,1.509,0.034,1.0,3096.0,0.401,0.003,1.0,2001.0,0.054,0.012,1.0,2876.0,-2.949,0.232,1.0,2876.0
20,5,5-state,0.488,0.149,1.0,3427.0,1.358,0.032,1.0,3370.0,0.382,0.002,1.0,2390.0,0.057,0.014,1.0,3522.0,-2.893,0.24,1.0,3522.0
21,5,5-state,0.452,0.148,1.0,3174.0,1.409,0.033,1.0,3348.0,0.313,0.002,1.0,2144.0,0.054,0.013,1.0,3171.0,-2.939,0.243,1.0,3171.0
22,5,5-state,0.456,0.146,1.0,2242.0,1.277,0.031,1.0,2788.0,0.396,0.002,1.0,2198.0,0.058,0.014,1.0,3252.0,-2.874,0.241,1.0,3252.0
23,5,5-state,0.52,0.16,1.0,2711.0,1.334,0.03,1.0,2935.0,0.333,0.003,1.0,2031.0,0.055,0.013,1.0,2741.0,-2.921,0.239,1.0,2741.0
24,5,5-state,0.531,0.153,1.0,3195.0,1.124,0.027,1.0,3141.0,0.302,0.001,1.0,2202.0,0.063,0.017,1.0,3258.0,-2.797,0.258,1.0,3258.0
25,5,5-state,0.473,0.149,1.0,3774.0,1.292,0.034,1.0,3484.0,0.171,0.006,1.0,3128.0,0.058,0.014,1.0,3397.0,-2.884,0.239,1.0,3397.0
26,5,5-state,0.442,0.138,1.0,3273.0,1.341,0.032,1.0,2950.0,0.239,0.002,1.0,2399.0,0.058,0.014,1.0,3073.0,-2.881,0.238,1.0,3073.0
27,5,5-state,0.448,0.151,1.0,3175.0,1.375,0.031,1.0,3419.0,0.349,0.003,1.0,2098.0,0.054,0.013,1.0,2835.0,-2.941,0.232,1.0,2835.0
28,5,5-state,0.407,0.154,1.0,3021.0,1.431,0.033,1.0,2760.0,0.379,0.004,1.0,1849.0,0.052,0.012,1.0,2949.0,-2.99,0.231,1.0,2949.0
29,5,5-state,0.45,0.156,1.0,3203.0,1.406,0.031,1.0,3054.0,0.481,0.003,1.0,2456.0,0.054,0.013,1.0,3321.0,-2.946,0.232,1.0,3321.0
30,5,5-state,0.481,0.147,1.0,2649.0,1.288,0.031,1.0,2988.0,0.142,0.004,1.0,2328.0,0.061,0.015,1.0,2881.0,-2.83,0.243,1.0,2881.0
31,5,5-state,0.459,0.15,1.0,2789.0,1.463,0.032,1.0,3126.0,0.359,0.003,1.0,2196.0,0.054,0.013,1.0,2645.0,-2.944,0.231,1.0,2645.0
32,5,5-state,0.55,0.155,1.0,2860.0,1.276,0.03,1.0,2608.0,0.159,0.003,1.0,2511.0,0.064,0.017,1.0,3200.0,-2.776,0.254,1.0,3200.0
33,5,5-state,0.485,0.148,1.0,3011.0,1.105,0.028,1.0,2759.0,0.201,0.002,1.0,1979.0,0.062,0.015,1.0,2760.0,-2.819,0.247,1.0,2760.0
34,5,5-state,0.443,0.145,1.0,3207.0,1.44,0.035,1.0,2769.0,0.206,0.003,1.0,1736.0,0.058,0.014,1.0,3203.0,-2.874,0.244,1.0,3203.0
35,5,5-state,0.497,0.149,1.0,3417.0,1.234,0.028,1.0,3603.0,0.366,0.002,1.0,2397.0,0.058,0.014,1.0,3221.0,-2.882,0.237,1.0,3221.0
36,5,5-state,0.474,0.146,1.0,3122.0,1.366,0.032,1.0,2966.0,0.372,0.002,1.0,2757.0,0.059,0.014,1.0,2813.0,-2.857,0.241,1.0,2813.0
37,5,5-state,0.428,0.156,1.0,2960.0,1.319,0.031,1.0,2900.0,0.344,0.003,1.0,2417.0,0.054,0.013,1.0,3062.0,-2.947,0.233,1.0,3062.0
38,5,5-state,0.488,0.147,1.0,3141.0,1.337,0.031,1.0,3065.0,0.315,0.002,1.0,2466.0,0.058,0.014,1.0,2865.0,-2.872,0.24,1.0,2865.0
39,5,5-state,0.461,0.147,1.0,2858.0,1.297,0.03,1.0,3140.0,0.276,0.003,1.0,2134.0,0.058,0.014,1.0,3088.0,-2.875,0.242,1.0,3088.0
40,5,5-state,0.455,0.148,1.0,2977.0,1.449,0.034,1.0,2385.0,0.351,0.004,1.0,1850.0,0.055,0.013,1.0,2828.0,-2.937,0.238,1.0,2828.0
41,5,5-state,0.485,0.156,1.0,2891.0,1.531,0.034,1.0,2819.0,0.283,0.003,1.01,1490.0,0.056,0.013,1.0,2993.0,-2.91,0.233,1.0,2993.0
42,5,5-state,0.474,0.147,1.0,3423.0,1.413,0.036,1.0,3496.0,0.177,0.007,1.0,3761.0,0.057,0.014,1.0,3554.0,-2.897,0.243,1.0,3554.0
43,5,5-state,0.482,0.146,1.0,2820.0,1.407,0.032,1.0,2931.0,0.416,0.004,1.0,1761.0,0.056,0.013,1.0,3128.0,-2.904,0.235,1.0,3128.0
44,5,5-state,0.451,0.155,1.0,3058.0,1.266,0.029,1.0,3088.0,0.32,0.002,1.0,2206.0,0.055,0.013,1.0,2939.0,-2.924,0.228,1.0,2939.0
45,5,5-state,0.519,0.158,1.0,3089.0,1.381,0.033,1.0,2467.0,0.202,0.006,1.0,1632.0,0.059,0.014,1.0,3300.0,-2.86,0.238,1.0,3300.0
46,5,5-state,0.463,0.155,1.0,2883.0,1.14,0.026,1.0,2519.0,0.283,0.001,1.0,2141.0,0.057,0.013,1.0,2582.0,-2.884,0.222,1.0,2582.0
47,5,5-state,0.433,0.147,1.0,3053.0,1.339,0.032,1.0,2935.0,0.37,0.003,1.0,2179.0,0.055,0.013,1.0,3186.0,-2.937,0.235,1.0,3186.0
48,5,5-state,0.407,0.149,1.0,2953.0,1.422,0.034,1.0,2423.0,0.408,0.005,1.0,1593.0,0.054,0.013,1.0,3013.0,-2.948,0.236,1.0,3013.0
49,5,5-state,0.449,0.143,1.0,2550.0,1.361,0.032,1.0,3166.0,0.349,0.002,1.0,2192.0,0.057,0.014,1.0,2795.0,-2.884,0.238,1.0,2795.0
51,5,5-state,0.546,0.141,1.0,3151.0,1.383,0.033,1.0,3227.0,0.283,0.002,1.0,2022.0,0.067,0.017,1.0,2910.0,-2.736,0.256,1.0,2910.0
52,5,5-state,0.494,0.15,1.0,3054.0,1.212,0.031,1.0,2675.0,0.131,0.004,1.0,2577.0,0.063,0.016,1.0,2780.0,-2.795,0.244,1.0,2780.0
53,5,5-state,0.436,0.137,1.0,2272.0,1.317,0.028,1.0,2504.0,0.156,0.004,1.0,2049.0,0.054,0.011,1.0,2154.0,-2.949,0.213,1.0,2154.0
54,5,5-state,0.477,0.156,1.0,3271.0,1.45,0.034,1.0,3129.0,0.438,0.002,1.0,2243.0,0.058,0.014,1.0,3260.0,-2.87,0.238,1.0,3260.0
55,5,5-state,0.505,0.149,1.0,3176.0,1.499,0.035,1.0,3235.0,0.323,0.002,1.0,2554.0,0.059,0.014,1.0,2920.0,-2.867,0.24,1.0,2920.0
56,5,5-state,0.511,0.156,1.0,2932.0,1.424,0.034,1.0,3033.0,0.356,0.002,1.0,2507.0,0.058,0.014,1.0,2839.0,-2.873,0.239,1.0,2839.0
57,5,5-state,0.474,0.145,1.0,2926.0,1.201,0.029,1.0,2590.0,0.39,0.002,1.0,2048.0,0.054,0.012,1.0,2734.0,-2.944,0.229,1.0,2734.0
58,5,5-state,0.479,0.158,1.0,2898.0,1.453,0.033,1.0,2927.0,0.139,0.005,1.0,1739.0,0.054,0.013,1.0,2947.0,-2.939,0.228,1.0,2947.0
59,5,5-state,0.502,0.15,1.0,3308.0,1.246,0.029,1.0,3390.0,0.35,0.002,1.0,2209.0,0.058,0.014,1.0,3177.0,-2.879,0.239,1.0,3177.0
60,5,5-state,0.351,0.134,1.0,1961.0,1.284,0.03,1.0,2111.0,0.168,0.005,1.0,1715.0,0.049,0.012,1.0,2210.0,-3.035,0.232,1.0,2210.0
61,5,5-state,0.465,0.16,1.0,2968.0,1.582,0.036,1.0,2408.0,0.193,0.004,1.0,1551.0,0.05,0.011,1.0,3142.0,-3.022,0.22,1.0,3142.0
62,5,5-state,0.363,0.134,1.0,2514.0,1.7,0.038,1.0,2545.0,0.388,0.008,1.0,2022.0,0.055,0.013,1.0,2590.0,-2.926,0.234,1.0,2590.0
63,5,5-state,0.502,0.155,1.0,3150.0,1.33,0.032,1.0,2666.0,0.419,0.002,1.0,1732.0,0.057,0.014,1.0,2720.0,-2.886,0.241,1.0,2720.0
64,5,5-state,0.496,0.148,1.0,3153.0,1.363,0.033,1.0,2912.0,0.346,0.002,1.0,2107.0,0.062,0.015,1.0,3003.0,-2.803,0.245,1.0,3003.0
65,5,5-state,0.501,0.158,1.0,2714.0,1.3,0.029,1.0,2948.0,0.285,0.002,1.0,2185.0,0.061,0.015,1.0,2934.0,-2.827,0.245,1.0,2934.0
66,5,5-state,0.492,0.149,1.0,3246.0,1.284,0.031,1.0,3031.0,0.424,0.002,1.0,2107.0,0.062,0.015,1.0,3443.0,-2.814,0.241,1.0,3443.0
67,5,5-state,0.543,0.145,1.0,3253.0,1.165,0.028,1.0,2753.0,0.389,0.002,1.0,2449.0,0.064,0.016,1.0,3223.0,-2.78,0.251,1.0,3223.0
68,5,5-state,0.519,0.153,1.0,2453.0,1.526,0.036,1.0,2537.0,0.178,0.004,1.0,1875.0,0.06,0.015,1.0,2355.0,-2.845,0.247,1.0,2355.0
69,5,5-state,0.458,0.147,1.0,3086.0,1.005,0.025,1.0,3450.0,0.141,0.001,1.0,2205.0,0.06,0.015,1.0,3375.0,-2.841,0.248,1.0,3375.0
70,5,5-state,0.383,0.139,1.0,2763.0,1.645,0.037,1.0,2731.0,0.419,0.005,1.0,1874.0,0.053,0.012,1.0,3162.0,-2.969,0.232,1.0,3162.0
71,5,5-state,0.44,0.148,1.0,3190.0,1.629,0.037,1.0,2864.0,0.36,0.003,1.0,2596.0,0.056,0.014,1.0,2837.0,-2.903,0.238,1.0,2837.0
72,5,5-state,0.479,0.147,1.0,3175.0,1.283,0.03,1.0,3030.0,0.433,0.002,1.0,2337.0,0.057,0.014,1.0,2874.0,-2.887,0.248,1.0,2874.0
73,5,5-state,0.473,0.147,1.0,2886.0,1.415,0.033,1.0,3259.0,0.362,0.002,1.0,2691.0,0.056,0.013,1.0,3290.0,-2.902,0.234,1.0,3290.0
74,5,5-state,0.475,0.147,1.0,3104.0,1.243,0.029,1.0,3001.0,0.333,0.002,1.0,2259.0,0.059,0.015,1.0,3000.0,-2.86,0.245,1.0,3000.0
75,5,5-state,0.492,0.152,1.0,3235.0,1.257,0.03,1.0,3094.0,0.169,0.002,1.0,1705.0,0.058,0.014,1.0,2954.0,-2.868,0.242,1.0,2954.0
76,5,5-state,0.479,0.15,1.0,3188.0,1.338,0.031,1.0,3055.0,0.412,0.002,1.0,2564.0,0.058,0.014,1.0,3421.0,-2.877,0.242,1.0,3421.0
78,5,5-state,0.428,0.144,1.0,3284.0,1.486,0.037,1.0,2666.0,0.281,0.007,1.0,2124.0,0.053,0.012,1.0,2900.0,-2.972,0.236,1.0,2900.0
79,5,5-state,0.275,0.108,1.0,2158.0,1.031,0.023,1.0,2559.0,0.175,0.002,1.0,2153.0,0.047,0.011,1.0,2249.0,-3.079,0.225,1.0,2249.0
80,5,5-state,0.483,0.154,1.0,3137.0,1.459,0.033,1.0,3235.0,0.404,0.002,1.0,2274.0,0.06,0.015,1.0,2987.0,-2.85,0.247,1.0,2987.0
81,5,5-state,0.455,0.156,1.0,3169.0,1.216,0.028,1.0,3474.0,0.338,0.002,1.0,2535.0,0.057,0.014,1.0,2886.0,-2.888,0.235,1.0,2886.0
84,5,5-state,0.45,0.153,1.0,3339.0,1.31,0.03,1.0,3289.0,0.427,0.003,1.0,2403.0,0.056,0.013,1.0,3205.0,-2.911,0.238,1.0,3205.0
85,5,5-state,0.492,0.151,1.0,2825.0,1.433,0.034,1.0,3101.0,0.178,0.004,1.0,1961.0,0.062,0.016,1.0,2880.0,-2.804,0.252,1.0,2880.0
86,5,5-state,0.462,0.152,1.0,2515.0,1.515,0.035,1.0,2434.0,0.371,0.005,1.0,1555.0,0.057,0.014,1.0,2841.0,-2.889,0.24,1.0,2841.0
87,5,5-state,0.494,0.152,1.0,2476.0,1.378,0.032,1.0,2401.0,0.306,0.006,1.0,1789.0,0.059,0.014,1.0,2538.0,-2.857,0.236,1.0,2538.0
88,5,5-state,0.494,0.147,1.0,3894.0,1.342,0.031,1.0,3133.0,0.162,0.003,1.0,2273.0,0.058,0.014,1.0,3378.0,-2.881,0.234,1.0,3378.0
89,5,5-state,0.445,0.149,1.0,2810.0,1.51,0.036,1.0,2448.0,0.197,0.007,1.0,1844.0,0.056,0.014,1.0,2912.0,-2.909,0.244,1.0,2912.0
90,5,5-state,0.477,0.143,1.0,3441.0,1.333,0.03,1.0,3093.0,0.401,0.003,1.0,2573.0,0.054,0.013,1.0,3029.0,-2.945,0.234,1.0,3029.0
91,5,5-state,0.457,0.152,1.0,2872.0,1.501,0.036,1.0,2480.0,0.144,0.004,1.0,2384.0,0.059,0.014,1.0,2653.0,-2.861,0.242,1.0,2653.0
92,5,5-state,0.497,0.156,1.0,3318.0,1.176,0.028,1.0,3356.0,0.299,0.001,1.0,2642.0,0.056,0.013,1.0,2927.0,-2.909,0.232,1.0,2927.0
93,5,5-state,0.5,0.152,1.0,3041.0,1.404,0.034,1.0,3102.0,0.19,0.002,1.0,2135.0,0.061,0.015,1.0,3116.0,-2.831,0.236,1.0,3116.0
94,5,5-state,0.508,0.153,1.0,2789.0,1.268,0.03,1.0,3101.0,0.462,0.002,1.0,2614.0,0.057,0.014,1.0,2899.0,-2.889,0.24,1.0,2899.0
95,5,5-state,0.449,0.146,1.0,3232.0,1.44,0.033,1.0,2876.0,0.381,0.003,1.0,2321.0,0.058,0.014,1.0,2944.0,-2.879,0.24,1.0,2944.0
96,5,5-state,0.543,0.144,1.0,2940.0,1.195,0.029,1.0,3169.0,0.173,0.002,1.0,2108.0,0.064,0.016,1.0,3232.0,-2.781,0.249,1.0,3232.0
97,5,5-state,0.43,0.155,1.0,2549.0,1.453,0.033,1.0,2757.0,0.395,0.003,1.0,2469.0,0.054,0.013,1.0,2742.0,-2.948,0.233,1.0,2742.0
98,5,5-state,0.434,0.159,1.0,3166.0,1.619,0.035,1.0,2702.0,0.325,0.004,1.0,1757.0,0.05,0.012,1.0,2985.0,-3.016,0.23,1.0,2985.0
99,5,5-state,0.466,0.149,1.0,3030.0,1.609,0.038,1.0,2479.0,0.301,0.003,1.0,2075.0,0.054,0.013,1.0,2369.0,-2.952,0.242,1.0,2369.0
100,5,5-state,0.51,0.154,1.0,3068.0,1.341,0.03,1.0,2825.0,0.252,0.004,1.0,1956.0,0.059,0.014,1.0,2578.0,-2.863,0.242,1.0,2578.0
102,5,5-state,0.471,0.151,1.0,3061.0,1.244,0.029,1.0,3545.0,0.341,0.002,1.0,2062.0,0.057,0.014,1.0,3125.0,-2.9,0.238,1.0,3125.0
103,5,5-state,0.414,0.147,1.0,2870.0,1.171,0.026,1.0,2985.0,0.353,0.002,1.0,2127.0,0.056,0.014,1.0,2782.0,-2.922,0.251,1.0,2782.0
104,5,5-state,0.517,0.146,1.0,2997.0,1.064,0.026,1.0,3488.0,0.183,0.002,1.0,2170.0,0.065,0.017,1.0,2903.0,-2.768,0.256,1.0,2903.0
105,5,5-state,0.512,0.153,1.0,3085.0,1.506,0.036,1.0,2707.0,0.228,0.004,1.0,2068.0,0.06,0.015,1.0,3232.0,-2.834,0.241,1.0,3232.0
106,5,5-state,0.453,0.15,1.0,3144.0,1.6,0.035,1.0,2959.0,0.384,0.003,1.0,2591.0,0.056,0.013,1.0,3048.0,-2.915,0.234,1.0,3048.0
107,5,5-state,0.454,0.149,1.0,3430.0,1.381,0.032,1.0,3170.0,0.371,0.002,1.0,2671.0,0.056,0.013,1.0,3380.0,-2.908,0.237,1.0,3380.0
108,5,5-state,0.481,0.15,1.0,3258.0,1.203,0.029,1.0,2929.0,0.136,0.002,1.0,1821.0,0.064,0.017,1.0,2952.0,-2.777,0.254,1.0,2952.0
109,5,5-state,0.525,0.15,1.0,2715.0,1.325,0.034,1.0,2946.0,0.144,0.005,1.0,2632.0,0.06,0.015,1.0,3329.0,-2.839,0.242,1.0,3329.0
110,5,5-state,0.425,0.155,1.0,2760.0,1.345,0.032,1.0,2473.0,0.367,0.005,1.0,1579.0,0.055,0.013,1.0,2589.0,-2.928,0.234,1.0,2589.0
111,5,5-state,0.513,0.152,1.0,2928.0,1.315,0.032,1.0,3214.0,0.382,0.002,1.0,2349.0,0.06,0.015,1.0,3530.0,-2.837,0.24,1.0,3530.0
