,Mean,MCSE,StdDev,MAD,5%,50%,95%,ESS_bulk,ESS_tail,ESS_bulk/s,R_hat
lp__,-327.189,150.853,216.621,279.164,-547.813,-351.44,-63.8205,4.67064,200.0,0.00945336,3.38257
alpha,0.501379,0.14268,0.204878,0.0902031,0.306782,0.42682,0.847225,4.72865,200.0,0.00957078,3.31224
a,0.918003,0.194731,0.279649,0.404461,0.6171,0.922401,1.20836,4.70087,200.0,0.00951454,3.35058
t0,0.27414,0.0436385,0.0626626,0.0301176,0.168609,0.295943,0.334909,4.82265,200.0,0.00976103,2.98397
log_lik[1],-1.54456,0.834227,1.19794,1.63003,-2.79965,-1.64244,-0.138606,4.57487,200.0,0.00925951,3.78691
log_lik[2],-0.330745,0.373185,0.5359,0.663056,-0.915527,-0.401727,0.400042,4.78228,200.0,0.00967932,3.03226
log_lik[3],-1.08223,1.66429,2.41292,1.8357,-5.58449,-0.381585,1.42084,4.85839,200.0,0.00983336,2.93457
log_lik[4],-0.594394,0.571377,0.820501,1.12956,-1.43666,-0.656715,0.371952,4.73899,200.0,0.0095917,3.15231
log_lik[5],0.609411,0.235691,0.338442,0.4053,0.173919,0.58699,1.09626,4.74364,200.0,0.00960111,3.21457
log_lik[6],-0.14932,0.223566,0.321079,0.300272,-0.508846,-0.215978,0.365866,4.70175,200.0,0.00951632,3.37405
log_lik[7],0.879771,0.513768,0.739574,0.889612,0.0506606,0.645034,1.72685,4.80982,200.0,0.00973506,3.01059
log_lik[8],0.791646,0.538894,0.773812,1.06795,-0.129938,0.766171,1.77095,4.76304,200.0,0.00964038,3.14161
log_lik[9],-0.364338,0.339874,0.488065,0.621135,-0.912777,-0.417383,0.295681,4.78797,200.0,0.00969084,3.02252
log_lik[10],-1.04609,0.560547,0.804942,0.792626,-1.80216,-1.26145,0.146019,4.73621,200.0,0.00958606,3.16004
log_lik[11],-1.73537,0.774058,1.11154,1.27897,-2.86267,-1.94545,-0.228579,4.58251,200.0,0.00927499,3.74051
log_lik[12],-2.54384,1.05562,1.51585,1.9732,-4.1691,-2.70793,-0.644264,4.5474,200.0,0.00920393,3.95791
log_lik[13],-0.581145,0.3333,0.478625,0.394465,-1.0614,-0.720324,0.184627,4.78158,200.0,0.0096779,3.03943
log_lik[14],0.854684,0.506541,0.72736,1.06421,0.0323025,0.849983,1.67921,4.74997,200.0,0.00961392,3.14411
log_lik[15],0.251225,0.201233,0.28897,0.308735,-0.0764121,0.201774,0.683139,4.78341,200.0,0.00968161,3.05406
log_lik[16],-7.12685,2.81964,4.04893,5.99225,-11.7724,-7.12785,-2.61148,4.52323,200.0,0.009155,4.18325
log_lik[17],-2.06014,1.02669,1.47431,2.09139,-3.64657,-2.12783,-0.392009,4.55028,200.0,0.00920975,3.94451
log_lik[18],-0.454668,0.328203,0.471306,0.350823,-0.917297,-0.603826,0.312602,4.78153,200.0,0.00967779,3.03744
log_lik[19],-0.985211,0.482257,0.692521,0.697058,-1.65773,-1.15936,0.0417614,4.7651,200.0,0.00964454,3.07513
log_lik[20],0.591635,0.352582,0.5286,0.737925,-0.195337,0.686623,1.27296,5.16965,200.0,0.0104634,2.52427
log_lik[21],-5.86125,2.48229,3.56449,5.15185,-9.92657,-5.76521,-2.10332,4.52687,200.0,0.00916237,4.15526
log_lik[22],0.799916,0.508307,0.729892,1.00751,-0.0783309,0.777978,1.72872,4.80844,200.0,0.00973226,3.0109
log_lik[23],0.55503,0.55719,0.800087,0.970921,-0.540536,0.664819,1.42164,4.80432,200.0,0.00972392,2.99525
log_lik[24],0.654309,0.466416,0.66974,0.926241,-0.203581,0.661549,1.50373,4.82556,200.0,0.00976692,2.95978
log_lik[25],0.448924,0.513952,0.738,0.832452,-0.612172,0.573784,1.25053,4.8345,200.0,0.009785,2.93329
log_lik[26],-0.643213,0.47593,0.683436,0.846068,-1.35041,-0.741891,0.265848,4.76778,200.0,0.00964997,3.0683
log_lik[27],0.299432,0.111473,0.160101,0.149769,0.103118,0.270224,0.552583,4.70121,200.0,0.00951523,3.30617
log_lik[28],0.733626,0.42289,0.607248,0.760439,0.0600102,0.664672,1.55384,4.62072,200.0,0.00935232,3.61029
log_lik[29],-0.372494,0.426981,0.613149,0.710779,-1.01309,-0.480385,0.487405,4.76658,200.0,0.00964754,3.07235
log_lik[30],-0.0209994,0.318653,0.457605,0.659504,-0.564045,-0.00979218,0.50019,4.78858,200.0,0.00969208,3.02693
log_lik[31],-0.334474,0.401773,0.57695,0.672718,-0.946398,-0.432051,0.476483,4.77585,200.0,0.0096663,3.0476
log_lik[32],-1.21537,0.80337,1.15363,1.59946,-2.41285,-1.29566,0.0970998,4.57612,200.0,0.00926205,3.78068
log_lik[33],0.242528,0.251107,0.36058,0.380379,-0.110446,0.161432,0.765217,4.748,200.0,0.00960993,3.18991
log_lik[34],-1.81906,0.980751,1.40834,1.95049,-3.32187,-1.913,-0.180579,4.54985,200.0,0.00920888,3.94717
log_lik[35],-0.140845,0.36333,0.521755,0.768734,-0.736969,-0.144748,0.464077,4.7885,200.0,0.00969191,3.02064
log_lik[36],-1.53008,0.85035,1.22109,1.63653,-2.80853,-1.64387,-0.0697278,4.56801,200.0,0.00924563,3.82669
log_lik[37],-2.6274,1.23698,1.77627,2.54405,-4.57039,-2.69061,-0.619764,4.53903,200.0,0.00918697,4.02648
log_lik[38],-1.6788,0.919686,1.32066,1.82571,-3.08051,-1.76995,-0.144921,4.55587,200.0,0.00922107,3.9087
log_lik[39],-4.63423,2.03443,2.92138,4.27721,-7.93787,-4.59109,-1.51362,4.52743,200.0,0.00916351,4.14276
log_lik[40],-1.70244,0.879842,1.26344,1.75779,-3.03654,-1.78246,-0.254834,4.57349,200.0,0.00925674,3.79426
log_lik[41],-3.0087,1.2521,1.79798,2.39351,-4.97033,-3.1717,-0.784066,4.53243,200.0,0.00917361,4.07186
log_lik[42],-1.42148,0.796475,1.14373,1.52363,-2.6098,-1.53367,-0.0518981,4.57795,200.0,0.00926576,3.77012
log_lik[43],-4.48812,1.83826,2.6397,3.76143,-7.45955,-4.58336,-1.41591,4.52472,200.0,0.00915801,4.15268
log_lik[44],-7.39922,3.16323,4.5423,6.49285,-12.622,-7.22703,-2.67212,4.52496,200.0,0.00915849,4.17317
log_lik[45],-8.52162,3.57889,5.13917,7.2903,-14.4527,-8.29277,-3.21414,4.52529,200.0,0.00915916,4.17348
log_lik[46],-0.811051,0.424374,0.609402,0.566418,-1.40768,-0.977768,0.125651,4.77421,200.0,0.00966298,3.05188
log_lik[47],-1.47996,0.647706,0.930099,1.03309,-2.39192,-1.67114,-0.206304,4.70636,200.0,0.00952567,3.2414
log_lik[48],-1.22048,0.544852,0.782404,0.863346,-1.98218,-1.38825,-0.116772,4.75894,200.0,0.00963207,3.09161
log_lik[49],-0.191173,0.147395,0.211713,0.275725,-0.480127,-0.181697,0.0971223,4.68855,200.0,0.0094896,3.43886
log_lik[50],-0.351447,0.327159,0.469806,0.276774,-0.789354,-0.521751,0.433422,4.78097,200.0,0.00967666,3.03704
log_lik[51],-0.631389,0.510563,0.73317,0.90426,-1.3789,-0.741079,0.338811,4.75065,200.0,0.00961531,3.11597
log_lik[52],-0.78237,0.467411,0.671203,0.596432,-1.41791,-0.981292,0.256517,4.75879,200.0,0.00963178,3.09331
log_lik[53],0.540978,0.170915,0.245447,0.248967,0.165864,0.586139,0.821762,4.70086,200.0,0.00951452,3.31985
log_lik[54],-0.554997,0.558634,0.802204,1.1094,-1.38233,-0.612823,0.387035,4.74108,200.0,0.00959593,3.14622
log_lik[55],-0.78843,0.660382,0.948309,1.27866,-1.73821,-0.872891,0.326784,4.94941,200.0,0.0100176,2.68343
log_lik[56],-4.28262,1.66267,2.38755,3.41941,-6.95175,-4.35898,-1.54019,4.52882,200.0,0.00916632,4.10762
log_lik[57],-3.34488,1.29474,1.85921,2.59144,-5.38511,-3.4483,-1.16088,4.54197,200.0,0.00919293,3.99985
log_lik[58],0.261616,0.0784389,0.11271,0.15067,0.13561,0.24733,0.415717,4.73668,200.0,0.00958702,3.25937
log_lik[59],-0.219564,0.372714,0.535229,0.770386,-0.831584,-0.20086,0.356083,4.78896,200.0,0.00969285,3.01924
log_lik[60],-1.66464,0.914649,1.31342,1.7657,-3.05212,-1.78276,-0.0896521,4.55611,200.0,0.00922155,3.90587
log_lik[61],-1.26748,0.726089,1.04265,1.32115,-2.32889,-1.40615,0.0326764,4.59107,200.0,0.0092923,3.69737
log_lik[62],-0.180514,0.304848,0.437768,0.486022,-0.671284,-0.254575,0.464014,4.78948,200.0,0.00969389,3.01946
log_lik[63],0.4406,0.140171,0.201309,0.234219,0.160431,0.473922,0.64968,4.7067,200.0,0.00952634,3.28927
log_lik[64],-0.564959,0.453309,0.650956,0.839451,-1.25026,-0.64136,0.27673,4.77264,200.0,0.00965981,3.05673
log_lik[65],-1.1936,0.665337,0.955418,1.23851,-2.15852,-1.30006,-0.0368391,4.68048,200.0,0.00947327,3.3248
log_lik[66],0.659792,0.202872,0.291324,0.267202,0.211067,0.69713,1.03119,4.71264,200.0,0.00953837,3.29738
log_lik[67],0.328952,0.444036,0.664765,0.520356,-0.838898,0.372255,1.11754,4.88733,200.0,0.00989193,2.91887
log_lik[68],-0.32153,0.0715546,0.102817,0.0506368,-0.410261,-0.362744,-0.141292,4.73773,200.0,0.00958915,3.25429
log_lik[69],0.0202421,0.188009,0.269982,0.242435,-0.230677,-0.0586487,0.435796,4.74154,200.0,0.00959686,3.19714
log_lik[70],-0.353912,0.338561,0.486179,0.614271,-0.900178,-0.408614,0.307246,4.78849,200.0,0.00969188,3.02151
log_lik[71],-1.68821,0.988715,1.41978,2.02968,-3.20426,-1.74907,-0.105468,4.54959,200.0,0.00920835,3.95074
log_lik[72],0.518045,0.125976,0.180937,0.235363,0.27332,0.53161,0.730186,4.71282,200.0,0.00953873,3.26559
log_lik[73],-0.431206,0.443811,0.637316,0.753506,-1.09388,-0.538163,0.448797,4.76393,200.0,0.00964218,3.07977
log_lik[74],-1.65323,0.716697,1.02917,1.24127,-2.69762,-1.8227,-0.308806,4.59928,200.0,0.00930893,3.65554
log_lik[75],0.466459,0.158694,0.227889,0.220865,0.191341,0.430337,0.823096,4.71259,200.0,0.00953826,3.28236
log_lik[76],-0.713635,0.56335,0.808969,1.01627,-1.52801,-0.827651,0.331193,4.73659,200.0,0.00958683,3.16028
log_lik[77],0.884319,0.492614,0.707357,0.9882,-0.0123969,0.888026,1.77913,4.84281,200.0,0.00980183,2.93131
log_lik[78],0.294689,0.0804953,0.115653,0.117285,0.182721,0.262668,0.470751,4.74272,200.0,0.00959925,3.24088
log_lik[79],-4.02705,1.85859,2.66888,3.96453,-7.02734,-4.03185,-1.10731,4.52794,200.0,0.00916454,4.13622
log_lik[80],-1.05393,0.713645,1.02479,1.2817,-2.08843,-1.2022,0.237364,4.64419,200.0,0.00939983,3.45706
log_lik[81],0.596828,0.465096,0.667848,0.925695,-0.0993276,0.555739,1.36735,4.74644,200.0,0.00960677,3.16764
log_lik[82],-1.357,0.713376,1.0244,1.42397,-2.41223,-1.42331,-0.208462,4.6064,200.0,0.00932334,3.62387
log_lik[83],-0.35616,0.074028,0.106373,0.0766021,-0.451263,-0.396942,-0.18042,4.70076,200.0,0.00951432,3.29446
log_lik[84],-0.0759318,0.119471,0.171594,0.257902,-0.280905,-0.0797793,0.127548,4.65031,200.0,0.00941221,3.45312
log_lik[85],0.236285,0.271862,0.390382,0.446075,-0.185385,0.171512,0.79371,4.75711,200.0,0.00962838,3.17153
log_lik[86],-1.14037,0.609007,0.874528,1.20486,-2.02074,-1.2061,-0.124028,4.85077,200.0,0.00981793,2.86539
log_lik[87],-0.0652393,0.317138,0.455418,0.475633,-0.56372,-0.156355,0.619637,4.7827,200.0,0.00968017,3.03251
log_lik[88],-2.26165,1.0733,1.54124,2.24832,-3.9317,-2.2942,-0.582246,4.55034,200.0,0.00920986,3.94544
log_lik[89],0.304734,0.105063,0.1509,0.126917,0.130832,0.268282,0.549853,4.70241,200.0,0.00951767,3.30041
log_lik[90],0.789565,0.44829,0.643715,0.889913,-0.0137772,0.819235,1.52579,4.78679,200.0,0.00968846,3.04571
log_lik[91],-0.296078,0.389011,0.558625,0.644469,-0.891825,-0.392316,0.496101,4.77734,200.0,0.00966933,3.04343
log_lik[92],0.569149,0.192015,0.27573,0.288593,0.24492,0.525217,0.98951,4.73377,200.0,0.00958114,3.23272
log_lik[93],0.210714,0.520538,0.749865,0.882394,-0.596555,0.139148,1.42205,4.82419,200.0,0.00976414,2.97593
log_lik[94],0.370777,0.479497,0.708409,0.5643,-0.82084,0.46164,1.19103,4.86765,200.0,0.0098521,2.91292
log_lik[95],-0.180374,0.331168,0.47557,0.603226,-0.716534,-0.232955,0.464134,4.78448,200.0,0.00968378,3.03267
log_lik[96],-0.41936,0.309044,0.443796,0.320454,-0.857272,-0.560361,0.306967,4.78132,200.0,0.00967737,3.04153
log_lik[97],-0.120275,0.118914,0.170815,0.180729,-0.338085,-0.145227,0.142124,4.69017,200.0,0.00949288,3.43613
log_lik[98],0.233889,0.227223,0.326286,0.329306,-0.0789387,0.153625,0.715751,4.74015,200.0,0.00959404,3.205
log_lik[99],-0.0692057,0.113234,0.162654,0.191571,-0.254898,-0.0987704,0.170569,4.68991,200.0,0.00949237,3.4398
log_lik[100],0.0042896,0.112467,0.161558,0.191504,-0.184009,-0.0233556,0.243141,4.68538,200.0,0.00948318,3.45941
log_lik[101],0.185766,0.101843,0.146294,0.209067,0.0123323,0.18837,0.350409,4.69468,200.0,0.00950201,3.32467
log_lik[102],-0.116288,0.319471,0.458773,0.558097,-0.634129,-0.176353,0.524904,4.78331,200.0,0.00968141,3.03441
log_lik[103],0.516583,0.561467,0.806252,1.12392,-0.344811,0.472257,1.48562,4.68902,200.0,0.00949056,3.35526
log_lik[104],-1.2286,0.553126,0.794286,0.87073,-1.99672,-1.40242,-0.106545,4.75503,200.0,0.00962416,3.10297
log_lik[105],-0.618343,0.32122,0.461278,0.416144,-1.09639,-0.737957,0.106406,4.77956,200.0,0.00967382,3.04591
log_lik[106],0.0548278,0.211104,0.303142,0.329661,-0.286928,0.00369598,0.506108,4.73904,200.0,0.00959179,3.20361
log_lik[107],-1.62426,0.653213,0.938007,1.13883,-2.56437,-1.77167,-0.415563,4.75125,200.0,0.00961652,3.12032
log_lik[108],-0.18744,0.145718,0.209265,0.209007,-0.454713,-0.211044,0.135129,4.72306,200.0,0.00955945,3.23139
log_lik[109],-0.629839,0.0928697,0.133434,0.175416,-0.791901,-0.645833,-0.441484,4.68252,200.0,0.00947741,3.45373
log_lik[110],-0.825222,0.489796,0.703349,1.01899,-1.56684,-0.848082,-0.0340445,4.7791,200.0,0.00967288,3.0409
log_lik[111],-0.301705,0.183292,0.26325,0.194453,-0.589816,-0.366013,0.133646,4.68584,200.0,0.00948412,3.44715
log_lik[112],-0.688848,0.615691,0.884131,1.19263,-1.58346,-0.770545,0.369199,4.73137,200.0,0.00957627,3.17701
log_lik[113],-2.07059,1.05989,1.52198,2.11143,-3.70629,-2.16756,-0.295257,4.54619,200.0,0.00920147,3.96836
log_lik[114],-0.780526,0.530163,0.761309,0.948945,-1.55528,-0.889646,0.217119,4.76033,200.0,0.0096349,3.08824
log_lik[115],0.459931,0.550924,0.791087,0.938356,-0.65933,0.552102,1.39977,4.82049,200.0,0.00975666,2.98332
log_lik[116],-1.17863,0.693015,0.995164,1.30335,-2.19303,-1.28992,0.0194,4.62306,200.0,0.00935705,3.54797
log_lik[117],0.390309,0.130512,0.187437,0.194004,0.138839,0.373695,0.672806,4.70037,200.0,0.00951354,3.31344
log_lik[118],-1.15313,0.5818,0.835464,0.862944,-1.94225,-1.35818,0.050593,4.99878,200.0,0.0101175,2.68502
log_lik[119],-11.1293,4.34095,6.23347,8.98842,-18.3698,-10.965,-4.41819,4.52448,200.0,0.00915752,4.17947
log_lik[120],-0.190462,0.093057,0.133672,0.0403125,-0.294354,-0.252821,0.0443505,4.65632,200.0,0.00942438,3.5418
log_lik[121],-0.918687,0.435815,0.625832,0.641035,-1.54182,-1.06794,0.00955885,4.77437,200.0,0.00966331,3.05192
log_lik[122],-1.07587,0.482392,0.692716,0.756607,-1.76232,-1.22489,-0.0850493,4.76947,200.0,0.0096534,3.06421
log_lik[123],-0.451125,0.269192,0.38657,0.294672,-0.853161,-0.560786,0.177949,4.77584,200.0,0.00966629,3.06359
log_lik[124],-0.220886,0.108594,0.155973,0.107116,-0.388635,-0.262931,0.0401663,4.71079,200.0,0.00953462,3.26841
log_lik[125],-0.18465,0.122317,0.175672,0.141167,-0.380066,-0.226386,0.102901,4.71516,200.0,0.00954346,3.25552
log_lik[126],-0.652832,0.3221,0.462545,0.441269,-1.13672,-0.765064,0.0628233,4.77946,200.0,0.00967362,3.04746
log_lik[127],0.791012,0.439507,0.631104,0.8474,-0.0202502,0.832387,1.51161,4.79021,200.0,0.00969538,3.03876
log_lik[128],-1.78136,0.851697,1.22302,1.73943,-3.0735,-1.83556,-0.425484,4.58572,200.0,0.00928149,3.72775
log_lik[129],0.957128,0.441894,0.634527,0.848958,0.203295,0.923767,1.78446,4.80481,200.0,0.00972491,3.02472
log_lik[130],-0.367155,0.341711,0.490707,0.672907,-0.924229,-0.397563,0.255196,4.78574,200.0,0.00968632,3.03231
log_lik[131],-0.940914,0.528349,0.758707,0.719555,-1.65613,-1.15255,0.202988,4.74597,200.0,0.00960583,3.12993
log_lik[132],-1.83856,0.973314,1.39766,1.91122,-3.32679,-1.94491,-0.188561,4.5519,200.0,0.00921303,3.92963
log_lik[133],-0.229999,0.0755371,0.10855,0.143607,-0.366721,-0.218855,-0.116903,5.18941,200.0,0.0105034,2.48436
log_lik[134],-1.45824,0.675591,0.970139,1.03584,-2.40469,-1.68212,-0.0966411,4.70185,200.0,0.00951653,3.25302
log_lik[135],-0.725766,0.613249,0.880629,1.22276,-1.61739,-0.787933,0.289431,4.73061,200.0,0.00957474,3.17894
log_lik[136],-0.767088,0.562878,0.808295,1.05426,-1.58413,-0.861394,0.24071,4.73958,200.0,0.00959289,3.14986
log_lik[137],-1.61282,0.859632,1.23442,1.68541,-2.9094,-1.70982,-0.16768,4.57462,200.0,0.00925901,3.78763
log_lik[138],-0.113888,0.276812,0.411924,0.461657,-0.573659,-0.262363,0.535823,4.96012,200.0,0.0100393,2.76874
log_lik[139],-1.90937,0.975774,1.40119,1.96014,-3.40667,-1.9906,-0.300929,4.55525,200.0,0.00921982,3.90773
log_lik[140],-1.02859,0.500761,0.719091,0.723817,-1.72204,-1.21067,0.0352871,4.76085,200.0,0.00963595,3.08741
log_lik[141],-1.87379,0.799669,1.14831,1.38293,-3.05451,-2.05996,-0.362572,4.58267,200.0,0.00927531,3.74061
log_lik[142],-3.40087,1.36914,1.96605,2.71828,-5.56937,-3.52233,-1.05744,4.53143,200.0,0.0091716,4.08035
log_lik[143],-1.9305,0.991607,1.42393,1.98359,-3.45406,-2.01766,-0.284593,4.55239,200.0,0.00921402,3.9277
log_lik[144],-1.54322,0.726756,1.04361,1.1717,-2.58768,-1.75646,-0.111538,4.58475,200.0,0.00927951,3.72875
log_lik[145],-2.767,1.15965,1.66523,2.18321,-4.56829,-2.93729,-0.683786,4.5398,200.0,0.00918853,4.01644
log_lik[146],-0.376939,0.299106,0.42952,0.2469,-0.785765,-0.52818,0.341828,4.78268,200.0,0.00968012,3.03676
log_lik[147],-1.38391,0.62757,0.901184,0.970094,-2.25506,-1.58387,-0.123293,4.82531,200.0,0.00976641,2.91552
log_lik[148],-1.57455,0.692051,0.993776,1.12412,-2.56337,-1.77437,-0.222749,4.60275,200.0,0.00931596,3.63869
log_lik[149],-2.09352,0.880842,1.26487,1.57644,-3.41611,-2.26989,-0.463739,4.57281,200.0,0.00925534,3.79568
log_lik[150],-0.257656,0.343204,0.492849,0.606275,-0.805573,-0.321705,0.422588,4.784,200.0,0.00968279,3.02967
log_lik[151],0.459471,0.28995,0.416355,0.468893,0.0272867,0.384048,1.04697,4.84287,200.0,0.00980196,2.93102
log_lik[152],0.310104,0.113693,0.163289,0.155295,0.106438,0.2828,0.56659,4.69927,200.0,0.00951131,3.31336
log_lik[153],-0.0630133,0.0951503,0.136682,0.116223,-0.227448,-0.0907183,0.157105,4.64095,200.0,0.00939326,3.6151
log_lik[154],0.403006,0.5517,0.792201,0.86277,-0.763256,0.528245,1.3235,4.79558,200.0,0.00970623,3.06666
log_lik[155],-0.737583,0.540504,0.776163,0.976778,-1.52361,-0.845387,0.26743,4.74776,200.0,0.00960944,3.12549
log_lik[156],-0.0129204,0.109108,0.156713,0.114244,-0.203099,-0.0442662,0.240419,4.68033,200.0,0.00947297,3.44452
log_lik[157],-0.0415624,0.11932,0.171369,0.136216,-0.244952,-0.0754866,0.235478,4.70745,200.0,0.00952787,3.31107
log_lik[158],-2.31406,1.11757,1.6048,2.31608,-4.0575,-2.36289,-0.530767,4.54484,200.0,0.00919875,3.98314
log_lik[159],-0.348674,0.0632879,0.0909915,0.0417261,-0.501964,-0.306201,-0.267376,4.79048,200.0,0.00969591,3.06918
log_lik[160],-0.701421,0.507953,0.72942,0.940245,-1.45307,-0.789818,0.230652,4.7619,200.0,0.00963806,3.08421
log_lik[161],-1.81606,1.01659,1.45981,2.12087,-3.38323,-1.85699,-0.223111,4.54935,200.0,0.00920787,3.95263
log_lik[162],-0.718493,0.516309,0.741419,0.959358,-1.48031,-0.80693,0.223626,4.75936,200.0,0.00963292,3.09149
log_lik[163],0.211971,0.0949584,0.13641,0.1946,0.0571538,0.202583,0.382174,4.69709,200.0,0.00950689,3.31403
log_lik[164],-0.319217,0.369982,0.531302,0.653627,-0.899207,-0.391102,0.408612,4.78239,200.0,0.00967953,3.03205
log_lik[165],-1.64734,0.727443,1.0446,1.19697,-2.6974,-1.84882,-0.23285,4.59163,200.0,0.00929344,3.69363
log_lik[166],-1.16876,0.690101,0.990978,1.2895,-2.17481,-1.28243,0.0308289,4.71141,200.0,0.00953587,3.23553
log_lik[167],-0.679989,0.539868,0.775252,0.992286,-1.46845,-0.779185,0.309152,4.74432,200.0,0.00960249,3.1366
log_lik[168],-1.54057,0.894343,1.28427,1.8675,-2.89964,-1.57691,-0.159142,4.56876,200.0,0.00924715,3.82928
log_lik[169],-2.91009,1.34656,1.93362,2.84608,-5.04354,-2.93234,-0.799575,4.5347,200.0,0.00917822,4.06258
log_lik[170],-2.57928,1.30168,1.86919,2.78782,-4.63348,-2.58268,-0.58687,4.5357,200.0,0.00918024,4.05894
log_lik[171],0.909347,0.414641,0.617025,0.823499,0.247588,0.80558,1.91147,5.11262,200.0,0.0103479,2.46794
log_lik[172],-1.13233,0.670954,0.963484,1.25424,-2.10641,-1.23828,0.0301408,4.69237,200.0,0.00949735,3.28658
log_lik[173],-0.564622,0.495643,0.711747,0.904281,-1.29959,-0.65721,0.357923,4.75422,200.0,0.00962253,3.10627
log_lik[174],-1.67941,0.724375,1.04019,1.21382,-2.72829,-1.86987,-0.287873,4.59707,200.0,0.00930445,3.66622
log_lik[175],-0.273194,0.157018,0.225524,0.246328,-0.558039,-0.294991,0.0731368,4.69305,200.0,0.00949873,3.4166
log_lik[176],-1.67741,0.742275,1.0659,1.26603,-2.76058,-1.86028,-0.268398,4.58981,200.0,0.00928976,3.70297
log_lik[177],-10.4806,4.06751,5.84081,8.40998,-17.2503,-10.3158,-4.22694,4.52419,200.0,0.00915694,4.17763
log_lik[178],-1.68335,0.704307,1.01138,1.20063,-2.70254,-1.85773,-0.352554,4.60622,200.0,0.00932297,3.62289
log_lik[179],-2.48568,1.30835,1.87877,2.73992,-4.544,-2.5282,-0.411078,4.53475,200.0,0.00917831,4.06652
log_lik[180],-0.64858,0.547419,0.786095,0.97507,-1.44213,-0.765033,0.380134,4.73758,200.0,0.00958884,3.15777
log_lik[181],-4.486,1.75649,2.52227,3.65347,-7.31944,-4.54239,-1.62429,4.52743,200.0,0.00916351,4.12349
log_lik[182],-0.396379,0.0706696,0.101556,0.105638,-0.500025,-0.421421,-0.238654,4.72895,200.0,0.00957138,3.2791
log_lik[183],-4.75502,1.84839,2.65423,3.88464,-7.74697,-4.78993,-1.78179,4.52687,200.0,0.00916236,4.1286
log_lik[184],0.210086,0.0757082,0.10878,0.1282,0.0897804,0.189948,0.371675,4.73911,200.0,0.00959195,3.25149
log_lik[185],-0.513221,0.395068,0.56732,0.40019,-1.04032,-0.709966,0.413302,4.77305,200.0,0.00966063,3.05386
log_lik[186],-3.36395,1.50182,2.15657,3.18131,-5.76454,-3.34415,-1.07727,4.53403,200.0,0.00917687,4.07542
log_lik[187],-0.293733,0.359684,0.516517,0.682159,-0.869137,-0.340625,0.378656,4.78414,200.0,0.00968307,3.03008
log_lik[188],-0.205523,0.166727,0.239473,0.298294,-0.510845,-0.219168,0.146326,4.68335,200.0,0.00947908,3.4585
log_lik[189],-1.05515,0.722668,1.03775,1.4455,-2.11758,-1.12173,0.101361,4.6966,200.0,0.0095059,3.27583
log_lik[190],0.366822,0.158357,0.227407,0.234272,0.0558752,0.35792,0.704561,4.7093,200.0,0.00953161,3.30003
log_lik[191],-0.0309852,0.109226,0.156883,0.10507,-0.202046,-0.0738228,0.230661,4.65917,200.0,0.00943015,3.53241
log_lik[192],-0.406859,0.496559,0.713067,0.990919,-1.16081,-0.453517,0.440114,4.75873,200.0,0.00963166,3.09428
log_lik[193],-0.682629,0.356801,0.512369,0.430728,-1.19126,-0.831891,0.132169,4.78171,200.0,0.00967817,3.0366
log_lik[194],-0.09264,0.325942,0.468064,0.546306,-0.61487,-0.164321,0.576096,4.78207,200.0,0.00967889,3.0346
log_lik[195],-1.55059,0.779103,1.11878,1.53334,-2.71284,-1.63496,-0.260122,4.59562,200.0,0.00930152,3.67459
log_lik[196],-2.56963,1.2121,1.74054,2.53714,-4.47399,-2.60605,-0.654037,4.54146,200.0,0.0091919,4.01098
log_lik[197],0.68304,0.175503,0.252031,0.261671,0.306829,0.700907,1.01992,4.71666,200.0,0.0095465,3.27264
log_lik[198],-1.37931,0.877845,1.26058,1.76349,-2.70369,-1.45818,0.0529658,4.56182,200.0,0.0092331,3.87167
log_lik[199],-0.360722,0.498065,0.715228,0.962449,-1.11415,-0.424614,0.520332,4.75272,200.0,0.00961948,3.1115
log_lik[200],-0.850949,0.591311,0.84912,1.06612,-1.69709,-0.972084,0.240789,4.73587,200.0,0.00958538,3.16213
log_lik[201],0.21577,0.214795,0.308443,0.300498,-0.072418,0.134312,0.67586,4.83222,200.0,0.0097804,2.95179
log_lik[202],-0.621466,0.334701,0.480636,0.422877,-1.11069,-0.75238,0.136766,4.78229,200.0,0.00967933,3.03821
log_lik[203],-0.793497,0.667711,0.958832,1.27662,-1.75282,-0.887481,0.349301,4.91946,200.0,0.00995697,2.73446
log_lik[204],-0.377189,0.0837561,0.120326,0.0849327,-0.498028,-0.418359,-0.17465,4.71002,200.0,0.00953307,3.26493
log_lik[205],-0.898834,0.516369,0.741505,1.02382,-1.66876,-0.952619,-0.0166724,4.7745,200.0,0.00966357,3.05139
log_lik[206],0.550913,0.320235,0.486242,0.801668,-0.210641,0.635968,1.18255,5.13133,200.0,0.0103858,2.4734
log_lik[207],-0.9028,0.575541,0.826477,1.10098,-1.73679,-0.987311,0.10329,4.74764,200.0,0.0096092,3.12649
log_lik[208],0.62144,0.304112,0.464455,0.693708,-0.197873,0.667739,1.22902,5.17894,200.0,0.0104822,2.42368
log_lik[209],-4.2576,1.88285,2.70372,3.97433,-7.30298,-4.22763,-1.36233,4.52721,200.0,0.00916307,4.13404
log_lik[210],-1.09103,0.660768,0.948856,1.22581,-2.04475,-1.19981,0.0653583,4.79634,200.0,0.00970778,2.98287
log_lik[211],0.298138,0.130985,0.188143,0.19988,0.116446,0.251671,0.571249,4.70011,200.0,0.009513,3.40003
log_lik[212],-0.227092,0.150501,0.21617,0.272481,-0.513124,-0.232738,0.0882585,4.69052,200.0,0.0094936,3.42983
log_lik[213],0.446723,0.284825,0.408994,0.460376,0.0203087,0.373066,1.02503,4.84034,200.0,0.00979683,2.93672
log_lik[214],-3.2471,1.4956,2.14765,3.16697,-5.63459,-3.26696,-0.893979,4.53257,200.0,0.00917391,4.08825
log_lik[215],-0.613176,0.371246,0.533115,0.462796,-1.1409,-0.766032,0.226488,4.78025,200.0,0.00967521,3.03788
log_lik[216],-6.54546,2.85074,4.09358,5.89485,-11.2327,-6.41891,-2.24795,4.52473,200.0,0.00915803,4.17515
log_lik[217],0.763718,0.522769,0.752516,0.798166,-0.033456,0.499188,1.62346,4.77621,200.0,0.00966703,3.09767
log_lik[218],0.846733,0.453414,0.670834,0.942408,0.0206411,0.80304,1.89328,5.11147,200.0,0.0103456,2.45783
log_lik[219],-0.182285,0.143195,0.205683,0.265323,-0.464277,-0.174588,0.102328,4.68909,200.0,0.0094907,3.43643
log_lik[220],-0.294689,0.459056,0.659213,0.908615,-1.0028,-0.340395,0.504652,4.76578,200.0,0.00964592,3.07541
log_lik[221],0.69916,0.167306,0.240263,0.26012,0.344267,0.711984,1.02416,4.71742,200.0,0.00954805,3.26503
log_lik[222],-0.640813,0.614561,0.882512,1.18416,-1.53361,-0.726008,0.421333,4.72287,200.0,0.00955907,3.20471
log_lik[223],0.826405,0.292984,0.453529,0.683934,0.103172,0.943305,1.41379,5.27881,200.0,0.0106843,2.39749
log_lik[224],0.413623,0.110071,0.158094,0.127716,0.229285,0.375668,0.670985,4.70702,200.0,0.00952699,3.28291
log_lik[225],0.615093,0.211396,0.303559,0.336421,0.251606,0.574634,1.06747,4.73602,200.0,0.00958568,3.22944
log_lik[226],0.357293,0.122925,0.176568,0.218749,0.176982,0.327276,0.592944,4.65611,200.0,0.00942394,3.43158
log_lik[227],0.498534,0.123118,0.176839,0.23157,0.269712,0.515032,0.688206,4.71169,200.0,0.00953645,3.26562
log_lik[228],0.701175,0.221353,0.317857,0.365235,0.309798,0.667538,1.16869,4.72841,200.0,0.00957029,3.25557
log_lik[229],-0.451003,0.0626224,0.0900241,0.0491737,-0.601125,-0.420296,-0.358288,4.7194,200.0,0.00955204,3.3069
log_lik[230],-0.232463,0.455056,0.65347,0.870201,-0.933264,-0.293566,0.590486,4.76122,200.0,0.00963669,3.08825
log_lik[231],-0.34949,0.510296,0.732792,0.971011,-1.11706,-0.423348,0.565188,4.74482,200.0,0.00960351,3.13532
log_lik[232],-0.0417472,0.33274,0.477826,0.519232,-0.564056,-0.131693,0.663427,4.77916,200.0,0.009673,3.04113
log_lik[233],-0.553219,0.485486,0.69716,0.845792,-1.26864,-0.663009,0.385115,4.75629,200.0,0.00962671,3.10015
log_lik[234],-0.768742,0.52389,0.752307,0.995081,-1.54216,-0.847533,0.165608,4.76054,200.0,0.00963531,3.08883
log_lik[235],-2.66575,1.34486,1.9312,2.87459,-4.79349,-2.67295,-0.594695,4.53532,200.0,0.00917947,4.06453
log_lik[236],-0.824043,0.412215,0.591939,0.535802,-1.40512,-0.989305,0.0949903,4.77857,200.0,0.0096718,3.04144
log_lik[237],0.560297,0.251456,0.36369,0.626026,0.108621,0.537242,1.07721,4.87276,200.0,0.00986245,2.88407
log_lik[238],0.371437,0.550717,0.79079,0.908804,-0.765556,0.475596,1.30537,4.80438,200.0,0.00972406,3.03534
log_lik[239],-0.436781,0.254186,0.382985,0.0985634,-0.803143,-0.548274,0.264073,4.75515,200.0,0.0096244,3.18572
log_lik[240],-1.36491,0.583711,0.838202,0.929375,-2.17288,-1.54381,-0.192153,4.77498,200.0,0.00966454,3.04825
log_lik[241],-0.950881,0.429355,0.616553,0.625719,-1.56751,-1.09883,-0.0309496,4.77782,200.0,0.00967029,3.04344
log_lik[242],-1.14616,0.802841,1.15287,1.57235,-2.33886,-1.24156,0.190678,4.57,200.0,0.00924966,3.8225
log_lik[243],-1.69648,0.672437,0.96561,1.15292,-2.66249,-1.85931,-0.435054,4.73681,200.0,0.0095873,3.15156
log_lik[244],-3.45645,1.68682,2.42223,3.59792,-6.15693,-3.46649,-0.820997,4.53017,200.0,0.00916905,4.11523
log_lik[245],-0.108425,0.18551,0.266394,0.287185,-0.431651,-0.14434,0.293637,4.74026,200.0,0.00959427,3.19352
log_lik[246],0.294474,0.51962,0.746139,0.984114,-0.675328,0.35393,1.13612,4.80979,200.0,0.00973501,2.98143
log_lik[247],0.349009,0.238328,0.342229,0.353993,-0.15851,0.377046,0.806019,4.74622,200.0,0.00960634,3.19319
log_lik[248],-4.19903,1.90054,2.72913,4.05477,-7.27303,-4.20094,-1.21264,4.52676,200.0,0.00916216,4.14386
log_lik[249],-5.98666,2.51308,3.60871,5.13446,-10.1071,-5.83141,-2.29509,4.52792,200.0,0.00916448,4.15132
log_lik[250],0.39974,0.526657,0.756254,1.00139,-0.461496,0.343884,1.38254,4.61077,200.0,0.00933218,3.62819
log_lik[251],-2.65828,1.03523,1.48656,1.99579,-4.25574,-2.78638,-0.856787,4.55947,200.0,0.00922835,3.87663
log_lik[252],-1.56443,0.767742,1.10246,1.53803,-2.70919,-1.63254,-0.323458,4.60203,200.0,0.0093145,3.64361
log_lik[253],-0.50447,0.400725,0.575446,0.782492,-1.13395,-0.54797,0.216209,4.78378,200.0,0.00968236,3.0286
log_lik[254],-0.978513,0.59902,0.86019,1.15281,-1.84274,-1.06263,0.0572492,4.74877,200.0,0.0096115,3.12299
log_lik[255],-0.958694,0.461475,0.662678,0.674228,-1.61059,-1.1205,0.0232386,4.76919,200.0,0.00965282,3.0643
log_lik[256],-0.555413,0.412703,0.592644,0.767435,-1.19376,-0.620486,0.218191,4.78468,200.0,0.00968418,3.02683
log_lik[257],-2.9664,1.19465,1.71549,2.32954,-4.83383,-3.09792,-0.89557,4.54154,200.0,0.00919207,4.00059
log_lik[258],-10.3726,4.22921,6.07301,8.53666,-17.4059,-10.052,-4.17205,4.52595,200.0,0.0091605,4.16745
log_lik[259],-2.34669,1.12676,1.618,2.33763,-4.10427,-2.39413,-0.551981,4.545,200.0,0.00919907,3.98043
log_lik[260],-2.23039,1.09428,1.57137,2.24627,-3.93202,-2.29143,-0.463314,4.54541,200.0,0.00919989,3.97774
log_lik[261],-8.79697,3.66797,5.2671,7.47337,-14.8795,-8.56457,-3.34802,4.52493,200.0,0.00915844,4.17444
log_lik[262],-7.46561,2.93597,4.21596,6.20782,-12.3073,-7.44316,-2.8053,4.52332,200.0,0.00915517,4.18053
log_lik[263],-7.83871,3.25491,4.67395,6.66183,-13.217,-7.65209,-2.98226,4.5257,200.0,0.00916,4.16618
log_lik[264],-1.92702,1.08295,1.55509,2.2415,-3.60377,-1.98112,-0.201344,4.54446,200.0,0.00919797,3.99458
log_lik[265],-0.170632,0.107086,0.153805,0.0739845,-0.296863,-0.235636,0.0941669,4.71666,200.0,0.0095465,3.25314
log_lik[266],-0.92759,0.411284,0.590604,0.611078,-1.52754,-1.0626,-0.0501182,4.78087,200.0,0.00967647,3.03766
log_lik[267],0.443067,0.585349,0.840524,1.15923,-0.586389,0.490621,1.36828,4.75516,200.0,0.00962442,3.12972
log_lik[268],-1.10646,0.446593,0.641307,0.736771,-1.76327,-1.22479,-0.205451,4.77854,200.0,0.00967174,3.04251
log_lik[269],-0.0733735,0.141408,0.203081,0.249172,-0.352842,-0.0447502,0.13955,4.65541,200.0,0.00942253,3.4352
log_lik[270],-5.23889,2.02387,2.90622,4.3062,-8.52987,-5.24422,-2.03325,4.52539,200.0,0.00915938,4.14173
log_lik[271],-1.28919,0.515881,0.740803,0.873033,-2.02948,-1.42084,-0.278505,4.77068,200.0,0.00965585,3.06022
log_lik[272],-0.787015,0.331798,0.476467,0.499168,-1.29663,-0.885477,-0.0722837,4.77751,200.0,0.00966967,3.05215
log_lik[273],-0.952913,0.51564,0.740457,1.05747,-1.72727,-0.986191,-0.106984,4.77985,200.0,0.0096744,3.03777
log_lik[274],-0.0479509,0.130742,0.187777,0.259624,-0.267898,-0.0638352,0.195021,4.63948,200.0,0.0093903,3.49575
log_lik[275],-0.321331,0.40011,0.574561,0.663041,-0.929909,-0.421394,0.491275,4.77599,200.0,0.00966659,3.0473
log_lik[276],-0.921334,0.496991,0.713675,0.651707,-1.5959,-1.12763,0.17222,4.75714,200.0,0.00962843,3.09645
log_lik[277],-4.53859,2.07275,2.97642,4.35055,-7.90387,-4.48634,-1.38135,4.52847,200.0,0.00916561,4.14327
log_lik[278],-0.319516,0.387482,0.556435,0.711422,-0.924642,-0.38402,0.417427,4.77908,200.0,0.00967285,3.04112
log_lik[279],-0.928255,0.58197,0.835708,1.11377,-1.77038,-1.01352,0.0877069,4.74717,200.0,0.00960825,3.12733
log_lik[280],0.140477,0.12632,0.181418,0.220276,-0.11573,0.157093,0.361731,4.69264,200.0,0.00949789,3.33738
log_lik[281],0.644428,0.212302,0.304865,0.26687,0.164869,0.698536,1.01241,4.70442,200.0,0.00952173,3.32563
log_lik[282],-0.973906,0.609405,0.875105,1.19506,-1.85318,-1.04518,0.0498883,4.96029,200.0,0.0100396,2.69215
log_lik[283],-2.88201,1.41811,2.03637,3.02169,-5.1365,-2.87224,-0.721503,4.53476,200.0,0.00917833,4.07544
log_lik[284],-0.122066,0.137604,0.197653,0.175201,-0.362914,-0.161437,0.192494,4.68634,200.0,0.00948514,3.45253
log_lik[285],0.523882,0.391334,0.569,0.85525,-0.191322,0.681565,1.26362,4.99255,200.0,0.0101049,2.64791
log_lik[286],-0.255272,0.386566,0.555114,0.621534,-0.843933,-0.358938,0.5445,4.77541,200.0,0.00966541,3.04891
log_lik[287],-0.99626,0.458274,0.658083,0.698326,-1.65024,-1.14503,-0.038289,4.77188,200.0,0.00965827,3.05815
log_lik[288],-2.81275,1.431,2.05488,3.02431,-5.08082,-2.84071,-0.562834,4.53307,200.0,0.00917492,4.08268
log_lik[289],-1.04601,0.696062,0.99954,1.26565,-2.05467,-1.17951,0.197044,4.71596,200.0,0.00954508,3.21872
log_lik[290],-0.462731,0.449241,0.645114,0.777589,-1.13514,-0.564321,0.416259,4.76492,200.0,0.00964418,3.07667
log_lik[291],-0.417942,0.0599645,0.0862116,0.0660533,-0.555432,-0.40061,-0.311602,4.72079,200.0,0.00955485,3.30279
log_lik[292],-3.71147,1.76957,2.54106,3.7635,-6.55777,-3.69969,-0.977564,4.52946,200.0,0.0091676,4.12477
